SKU - MY_PART_NUMBER,MANUFACTURER_NAME,MANUFACTURER_PART_NUMBER,Mfg_Part_Num,PART_NUMBER,Product Name,Classpath,BRAND,SERIES,MODEL_NUMBER,SHORT_DESC,LONG_DESC1,LONG_DESC2,LONG_DESC3,LONG_DESC4,MOBILE_DESC,FEATURES_BENEFITS,APPLICATIONS,INCLUDES,STANDARDS_COMPLIANCE,MFR URL,Ref URL 1,Ref URL 2,Ref URL 3,Ref URL 4,Ref URL 5,IMAGE URL,IMAGE URL 2,DOCUMENT URL,SPEC_SHEET_URL,CATEGORY,SUB_CATEGORY,UNSPSC,UPC,GTIN,EAN,STATUS,COUNTRY_OF_ORIGIN,TARIFF_CODE,HAZMAT_CODE,PRICE,CURRENCY,PACK_QTY,PACK_UOM,MIN_ORDER_QTY,LEAD_TIME_DAYS,WARRANTY,HAZARDOUS_MATERIAL,PROP_65_WARNING,ROHS_COMPLIANT,ENERGY_STAR,UL_LISTED,CSA_CERTIFIED,CE_CERTIFIED,ETL_LISTED,NEMA_RATING,IP_RATING,REACH_COMPLIANT,ISO_CERTIFIED,CERTIFICATIONS,LENGTH,LENGTH_UOM,WIDTH,WIDTH_UOM,HEIGHT,HEIGHT_UOM,OVERALL_DEPTH,DEPTH_UOM,WEIGHT,WEIGHT_UOM,COLOR,MATERIAL,FINISH,MOUNTING_TYPE,CONNECTION_TYPE,PORT_SIZE,THREAD_SIZE,ENCLOSURE_TYPE,HOUSING_MATERIAL,BODY_STYLE,VOLTAGE,VOLTAGE_UOM,VOLTAGE_TYPE,AMPERAGE,AMPERAGE_UOM,WATTAGE,WATTAGE_UOM,FREQUENCY,FREQUENCY_UOM,PHASE,HORSEPOWER,PRESSURE_RATING,PRESSURE_UOM,FLOW_RATE,FLOW_RATE_UOM,TEMPERATURE_MIN,TEMPERATURE_MAX,TEMPERATURE_UOM,EFFICIENCY_RATING,NOISE_LEVEL_DBA,OPERATING_SPEED_RPM,CUSTOM_NOTES,ATTRIBUTE_LABEL 1,ATTRIBUTE_VALUE 1,ATTRIBUTE_UOM 1,ATTRIBUTE_LABEL 2,ATTRIBUTE_VALUE 2,ATTRIBUTE_UOM 2,ATTRIBUTE_LABEL 3,ATTRIBUTE_VALUE 3,ATTRIBUTE_UOM 3,ATTRIBUTE_LABEL 4,ATTRIBUTE_VALUE 4,ATTRIBUTE_UOM 4,ATTRIBUTE_LABEL 5,ATTRIBUTE_VALUE 5,ATTRIBUTE_UOM 5,ATTRIBUTE_LABEL 6,ATTRIBUTE_VALUE 6,ATTRIBUTE_UOM 6,ATTRIBUTE_LABEL 7,ATTRIBUTE_VALUE 7,ATTRIBUTE_UOM 7,ATTRIBUTE_LABEL 8,ATTRIBUTE_VALUE 8,ATTRIBUTE_UOM 8,ATTRIBUTE_LABEL 9,ATTRIBUTE_VALUE 9,ATTRIBUTE_UOM 9,ATTRIBUTE_LABEL 10,ATTRIBUTE_VALUE 10,ATTRIBUTE_UOM 10,ATTRIBUTE_LABEL 11,ATTRIBUTE_VALUE 11,ATTRIBUTE_UOM 11,ATTRIBUTE_LABEL 12,ATTRIBUTE_VALUE 12,ATTRIBUTE_UOM 12,ATTRIBUTE_LABEL 13,ATTRIBUTE_VALUE 13,ATTRIBUTE_UOM 13,ATTRIBUTE_LABEL 14,ATTRIBUTE_VALUE 14,ATTRIBUTE_UOM 14,ATTRIBUTE_LABEL 15,ATTRIBUTE_VALUE 15,ATTRIBUTE_UOM 15,ATTRIBUTE_LABEL 16,ATTRIBUTE_VALUE 16,ATTRIBUTE_UOM 16,ATTRIBUTE_LABEL 17,ATTRIBUTE_VALUE 17,ATTRIBUTE_UOM 17,ATTRIBUTE_LABEL 18,ATTRIBUTE_VALUE 18,ATTRIBUTE_UOM 18,ATTRIBUTE_LABEL 19,ATTRIBUTE_VALUE 19,ATTRIBUTE_UOM 19,ATTRIBUTE_LABEL 20,ATTRIBUTE_VALUE 20,ATTRIBUTE_UOM 20,ATTRIBUTE_LABEL 21,ATTRIBUTE_VALUE 21,ATTRIBUTE_UOM 21,ATTRIBUTE_LABEL 22,ATTRIBUTE_VALUE 22,ATTRIBUTE_UOM 22,ATTRIBUTE_LABEL 23,ATTRIBUTE_VALUE 23,ATTRIBUTE_UOM 23,ATTRIBUTE_LABEL 24,ATTRIBUTE_VALUE 24,ATTRIBUTE_UOM 24,ATTRIBUTE_LABEL 25,ATTRIBUTE_VALUE 25,ATTRIBUTE_UOM 25,ATTRIBUTE_LABEL 26,ATTRIBUTE_VALUE 26,ATTRIBUTE_UOM 26,ATTRIBUTE_LABEL 27,ATTRIBUTE_VALUE 27,ATTRIBUTE_UOM 27,ATTRIBUTE_LABEL 28,ATTRIBUTE_VALUE 28,ATTRIBUTE_UOM 28,ATTRIBUTE_LABEL 29,ATTRIBUTE_VALUE 29,ATTRIBUTE_UOM 29,ATTRIBUTE_LABEL 30,ATTRIBUTE_VALUE 30,ATTRIBUTE_UOM 30,ATTRIBUTE_LABEL 31,ATTRIBUTE_VALUE 31,ATTRIBUTE_UOM 31,ATTRIBUTE_LABEL 32,ATTRIBUTE_VALUE 32,ATTRIBUTE_UOM 32,ATTRIBUTE_LABEL 33,ATTRIBUTE_VALUE 33,ATTRIBUTE_UOM 33,ATTRIBUTE_LABEL 34,ATTRIBUTE_VALUE 34,ATTRIBUTE_UOM 34,ATTRIBUTE_LABEL 35,ATTRIBUTE_VALUE 35,ATTRIBUTE_UOM 35,ATTRIBUTE_LABEL 36,ATTRIBUTE_VALUE 36,ATTRIBUTE_UOM 36,ATTRIBUTE_LABEL 37,ATTRIBUTE_VALUE 37,ATTRIBUTE_UOM 37,ATTRIBUTE_LABEL 38,ATTRIBUTE_VALUE 38,ATTRIBUTE_UOM 38,ATTRIBUTE_LABEL 39,ATTRIBUTE_VALUE 39,ATTRIBUTE_UOM 39,ATTRIBUTE_LABEL 40,ATTRIBUTE_VALUE 40,ATTRIBUTE_UOM 40,ATTRIBUTE_LABEL 41,ATTRIBUTE_VALUE 41,ATTRIBUTE_UOM 41,ATTRIBUTE_LABEL 42,ATTRIBUTE_VALUE 42,ATTRIBUTE_UOM 42,ATTRIBUTE_LABEL 43,ATTRIBUTE_VALUE 43,ATTRIBUTE_UOM 43,ATTRIBUTE_LABEL 44,ATTRIBUTE_VALUE 44,ATTRIBUTE_UOM 44,ATTRIBUTE_LABEL 45,ATTRIBUTE_VALUE 45,ATTRIBUTE_UOM 45,ATTRIBUTE_LABEL 46,ATTRIBUTE_VALUE 46,ATTRIBUTE_UOM 46,ATTRIBUTE_LABEL 47,ATTRIBUTE_VALUE 47,ATTRIBUTE_UOM 47,ATTRIBUTE_LABEL 48,ATTRIBUTE_VALUE 48,ATTRIBUTE_UOM 48,ATTRIBUTE_LABEL 49,ATTRIBUTE_VALUE 49,ATTRIBUTE_UOM 49,ATTRIBUTE_LABEL 50,ATTRIBUTE_VALUE 50,ATTRIBUTE_UOM 50
Freud Inc-DCB518ASTS06G,Freud Inc,DCB518ASTS06G,DCB518ASTS06G,DCB518ASTS06G,Freud Inc DCB518ASTS06G,Industrial & Commercial > General,Freud Inc,,,Freud Inc DCB518ASTS06G General Component,Width: 0.5 in; Length: 18 in; Quantity Pcs: 6 pc,,,,"Freud Inc, General, DCB518ASTS06G",,,,,,,,,,,,,,,General,,,,,,Active,,,,,,,,,,,,,,,,,,,,,,,,,,,,,,,,,,,,,,,,,,,,,,,,,,,,,,,,,,,,,,,,,,Width,0.5,in,Length,18,in,Quantity Pcs,6,pc,,,,,,,,,,,,,,,,,,,,,,,,,,,,,,,,,,,,,,,,,,,,,,,,,,,,,,,,,,,,,,,,,,,,,,,,,,,,,,,,,,,,,,,,,,,,,,,,,,,,,,,,,,,,,,,,,,,,,,,,,,,,,,,,,,,,,,,,,,,,,
Jam Industrial Supply LLC-3MABR-7100075678,Jam Industrial Supply LLC,3MABR-7100075678,3MABR-7100075678,3MABR-7100075678,Jam Industrial Supply LLC 3MABR-7100075678,Industrial & Commercial > General,Jam Industrial Supply LLC,,,Jam Industrial Supply LLC 3MABR-7100075678 General Component,Quantity Per Box: 50 Disc/Box,,,,"Jam Industrial Supply LLC, General, 3MABR-7100075678",,,,,,,,,,,,,,,General,,,,,,Active,,,,,,,,,,,,,,,,,,,,,,,,,,,,,,,,,,,,,,,,,,,,,,,,,,,,,,,,,,,,,,,,,,Quantity Per Box,50,Disc/Box,,,,,,,,,,,,,,,,,,,,,,,,,,,,,,,,,,,,,,,,,,,,,,,,,,,,,,,,,,,,,,,,,,,,,,,,,,,,,,,,,,,,,,,,,,,,,,,,,,,,,,,,,,,,,,,,,,,,,,,,,,,,,,,,,,,,,,,,,,,,,,,,,,,
Jam Industrial Supply LLC-3MABR-7100045865,Jam Industrial Supply LLC,3MABR-7100045865,3MABR-7100045865,3MABR-7100045865,Jam Industrial Supply LLC 3MABR-7100045865,Industrial & Commercial > General,Jam Industrial Supply LLC,,,Jam Industrial Supply LLC 3MABR-7100045865 General Component,Discs Per Box: 50 Disc/Box,,,,"Jam Industrial Supply LLC, General, 3MABR-7100045865",,,,,,,,,,,,,,,General,,,,,,Active,,,,,,,,,,,,,,,,,,,,,,,,,,,,,,,,,,,,,,,,,,,,,,,,,,,,,,,,,,,,,,,,,,Discs Per Box,50,Disc/Box,,,,,,,,,,,,,,,,,,,,,,,,,,,,,,,,,,,,,,,,,,,,,,,,,,,,,,,,,,,,,,,,,,,,,,,,,,,,,,,,,,,,,,,,,,,,,,,,,,,,,,,,,,,,,,,,,,,,,,,,,,,,,,,,,,,,,,,,,,,,,,,,,,,
Jam Industrial Supply LLC-3MABR-7100048736,Jam Industrial Supply LLC,3MABR-7100048736,3MABR-7100048736,3MABR-7100048736,Jam Industrial Supply LLC 3MABR-7100048736,Industrial & Commercial > General,Jam Industrial Supply LLC,,,Jam Industrial Supply LLC 3MABR-7100048736 General Component,Quantity Per Box: 50 Disc/Box,,,,"Jam Industrial Supply LLC, General, 3MABR-7100048736",,,,,,,,,,,,,,,General,,,,,,Active,,,,,,,,,,,,,,,,,,,,,,,,,,,,,,,,,,,,,,,,,,,,,,,,,,,,,,,,,,,,,,,,,,Quantity Per Box,50,Disc/Box,,,,,,,,,,,,,,,,,,,,,,,,,,,,,,,,,,,,,,,,,,,,,,,,,,,,,,,,,,,,,,,,,,,,,,,,,,,,,,,,,,,,,,,,,,,,,,,,,,,,,,,,,,,,,,,,,,,,,,,,,,,,,,,,,,,,,,,,,,,,,,,,,,,
Jam Industrial Supply LLC-3MABR-7100075690,Jam Industrial Supply LLC,3MABR-7100075690,3MABR-7100075690,3MABR-7100075690,Jam Industrial Supply LLC 3MABR-7100075690,Industrial & Commercial > General,Jam Industrial Supply LLC,,,Jam Industrial Supply LLC 3MABR-7100075690 General Component,Discs Per Box: 50 Disc/Box,,,,"Jam Industrial Supply LLC, General, 3MABR-7100075690",,,,,,,,,,,,,,,General,,,,,,Active,,,,,,,,,,,,,,,,,,,,,,,,,,,,,,,,,,,,,,,,,,,,,,,,,,,,,,,,,,,,,,,,,,Discs Per Box,50,Disc/Box,,,,,,,,,,,,,,,,,,,,,,,,,,,,,,,,,,,,,,,,,,,,,,,,,,,,,,,,,,,,,,,,,,,,,,,,,,,,,,,,,,,,,,,,,,,,,,,,,,,,,,,,,,,,,,,,,,,,,,,,,,,,,,,,,,,,,,,,,,,,,,,,,,,
Jam Industrial Supply LLC-3MABR-7100075692,Jam Industrial Supply LLC,3MABR-7100075692,3MABR-7100075692,3MABR-7100075692,Jam Industrial Supply LLC 3MABR-7100075692,Industrial & Commercial > General,Jam Industrial Supply LLC,,,Jam Industrial Supply LLC 3MABR-7100075692 General Component,Grit Size: P220; Quantity Per Box: 50 Disc/Box,,,,"Jam Industrial Supply LLC, General, 3MABR-7100075692",,,,,,,,,,,,,,,General,,,,,,Active,,,,,,,,,,,,,,,,,,,,,,,,,,,,,,,,,,,,,,,,,,,,,,,,,,,,,,,,,,,,,,,,,,Grit Size,P220,,Quantity Per Box,50,Disc/Box,,,,,,,,,,,,,,,,,,,,,,,,,,,,,,,,,,,,,,,,,,,,,,,,,,,,,,,,,,,,,,,,,,,,,,,,,,,,,,,,,,,,,,,,,,,,,,,,,,,,,,,,,,,,,,,,,,,,,,,,,,,,,,,,,,,,,,,,,,,,,,,,
Jam Industrial Supply LLC-3MABR-7100145365,Jam Industrial Supply LLC,3MABR-7100145365,3MABR-7100145365,3MABR-7100145365,Jam Industrial Supply LLC 3MABR-7100145365,Industrial & Commercial > General,Jam Industrial Supply LLC,,,Jam Industrial Supply LLC 3MABR-7100145365 General Component,Discs Per Box: 50 Disc/Box,,,,"Jam Industrial Supply LLC, General, 3MABR-7100145365",,,,,,,,,,,,,,,General,,,,,,Active,,,,,,,,,,,,,,,,,,,,,,,,,,,,,,,,,,,,,,,,,,,,,,,,,,,,,,,,,,,,,,,,,,Discs Per Box,50,Disc/Box,,,,,,,,,,,,,,,,,,,,,,,,,,,,,,,,,,,,,,,,,,,,,,,,,,,,,,,,,,,,,,,,,,,,,,,,,,,,,,,,,,,,,,,,,,,,,,,,,,,,,,,,,,,,,,,,,,,,,,,,,,,,,,,,,,,,,,,,,,,,,,,,,,,
Mirka Abrasives Inc-5B-332-080,Mirka Abrasives Inc,5B-332-080,5B-332-080,5B-332-080,Mirka Abrasives Inc 5B-332-080,Industrial & Commercial > General,Mirka Abrasives Inc,,,Mirka Abrasives Inc 5B-332-080 General Component,Dimension: 5 in; Pressure Rating: P80,,,,"Mirka Abrasives Inc, General, 5B-332-080",,,,,,,,,,,,,,,General,,,,,,Active,,,,,,,,,,,,,,,,,,,,,,,,,,,,,,,,,,,,,,,,,,,,,,,,,,,,,,,P80,PSI,,,,,,,,,,Dimension,5,in,Pressure Rating,P80,,,,,,,,,,,,,,,,,,,,,,,,,,,,,,,,,,,,,,,,,,,,,,,,,,,,,,,,,,,,,,,,,,,,,,,,,,,,,,,,,,,,,,,,,,,,,,,,,,,,,,,,,,,,,,,,,,,,,,,,,,,,,,,,,,,,,,,,,,,,,,,,,
Mirka Abrasives Inc-5B-332-120,Mirka Abrasives Inc,5B-332-120,5B-332-120,5B-332-120,Mirka Abrasives Inc 5B-332-120,Industrial & Commercial > General,Mirka Abrasives Inc,,,Mirka Abrasives Inc 5B-332-120 General Component,Diameter: 5 in; Pressure Rating: P120,,,,"Mirka Abrasives Inc, General, 5B-332-120",,,,,,,,,,,,,,,General,,,,,,Active,,,,,,,,,,,,,,,,,,,,,,,,,,,,,,,,,,,,,,,,,,,,,,,,,,,,,,,P120,PSI,,,,,,,,,,Diameter,5,in,Pressure Rating,P120,,,,,,,,,,,,,,,,,,,,,,,,,,,,,,,,,,,,,,,,,,,,,,,,,,,,,,,,,,,,,,,,,,,,,,,,,,,,,,,,,,,,,,,,,,,,,,,,,,,,,,,,,,,,,,,,,,,,,,,,,,,,,,,,,,,,,,,,,,,,,,,,,
Mirka Abrasives Inc-9A-570-240,Mirka Abrasives Inc,9A-570-240,9A-570-240,9A-570-240,Mirka Abrasives Inc 9A-570-240,Industrial & Commercial > General,Mirka Abrasives Inc,,,Mirka Abrasives Inc 9A-570-240 General Component,Size: 2.75x30,,,,"Mirka Abrasives Inc, General, 9A-570-240",,,,,,,,,,,,,,,General,,,,,,Active,,,,,,,,,,,,,,,,,,,,,,,,,,,,,,,,,,,,,,,,,,,,,,,,,,,,,,,,,,,,,,,,,,Size,2.75x30,,,,,,,,,,,,,,,,,,,,,,,,,,,,,,,,,,,,,,,,,,,,,,,,,,,,,,,,,,,,,,,,,,,,,,,,,,,,,,,,,,,,,,,,,,,,,,,,,,,,,,,,,,,,,,,,,,,,,,,,,,,,,,,,,,,,,,,,,,,,,,,,,,,,
Mirka Abrasives Inc-9A-570-320,Mirka Abrasives Inc,9A-570-320,9A-570-320,9A-570-320,Mirka Abrasives Inc 9A-570-320,Industrial & Commercial > General,Mirka Abrasives Inc,,,Mirka Abrasives Inc 9A-570-320 General Component,Dimensions: 2.75x30,,,,"Mirka Abrasives Inc, General, 9A-570-320",,,,,,,,,,,,,,,General,,,,,,Active,,,,,,,,,,,,,,,,,,,,,,,,,,,,,,,,,,,,,,,,,,,,,,,,,,,,,,,,,,,,,,,,,,Dimensions,2.75x30,,,,,,,,,,,,,,,,,,,,,,,,,,,,,,,,,,,,,,,,,,,,,,,,,,,,,,,,,,,,,,,,,,,,,,,,,,,,,,,,,,,,,,,,,,,,,,,,,,,,,,,,,,,,,,,,,,,,,,,,,,,,,,,,,,,,,,,,,,,,,,,,,,,,
Freud Inc-DBD090094101F,Freud Inc,DBD090094101F,DBD090094101F,DBD090094101F,Freud Inc DBD090094101F,Industrial & Commercial > General,Freud Inc,,,Freud Inc DBD090094101F General Component,Diameter Inch: 9 in; Material: Metal,,,,"Freud Inc, General, DBD090094101F",,,,,,,,,,,,,,,General,,,,,,Active,,,,,,,,,,,,,,,,,,,,,,,,,,,,,,,,,,,Metal,,,,,,,,,,,,,,,,,,,,,,,,,,,,,,,Diameter Inch,9,in,Material,Metal,,,,,,,,,,,,,,,,,,,,,,,,,,,,,,,,,,,,,,,,,,,,,,,,,,,,,,,,,,,,,,,,,,,,,,,,,,,,,,,,,,,,,,,,,,,,,,,,,,,,,,,,,,,,,,,,,,,,,,,,,,,,,,,,,,,,,,,,,,,,,,,,,
Freud Inc-DBDS12125A01F,Freud Inc,DBDS12125A01F,DBDS12125A01F,DBDS12125A01F,Freud Inc DBDS12125A01F,Industrial & Commercial > General,Freud Inc,,,Freud Inc DBDS12125A01F General Component,Disc Diameter: 12 in; Material: Steel Demon Metal,,,,"Freud Inc, General, DBDS12125A01F",,,,,,,,,,,,,,,General,,,,,,Active,,,,,,,,,,,,,,,,,,,,,,,,,,,,,,,,,,,Steel Demon Metal,,,,,,,,,,,,,,,,,,,,,,,,,,,,,,,Disc Diameter,12,in,Material,Steel Demon Metal,,,,,,,,,,,,,,,,,,,,,,,,,,,,,,,,,,,,,,,,,,,,,,,,,,,,,,,,,,,,,,,,,,,,,,,,,,,,,,,,,,,,,,,,,,,,,,,,,,,,,,,,,,,,,,,,,,,,,,,,,,,,,,,,,,,,,,,,,,,,,,,,,
Freud Inc-DBDS12125G01F,Freud Inc,DBDS12125G01F,DBDS12125G01F,DBDS12125G01F,Freud Inc DBDS12125G01F,Industrial & Commercial > General,Freud Inc,,,Freud Inc DBDS12125G01F General Component,Disc Diameter Inch: 12 in; Disc Diameter: 20 mm,,,,"Freud Inc, General, DBDS12125G01F",,,,,,,,,,,,,,,General,,,,,,Active,,,,,,,,,,,,,,,,,,,,,,,,,,,,,,,,,,,,,,,,,,,,,,,,,,,,,,,,,,,,,,,,,,Disc Diameter Inch,12,in,Disc Diameter,20,mm,,,,,,,,,,,,,,,,,,,,,,,,,,,,,,,,,,,,,,,,,,,,,,,,,,,,,,,,,,,,,,,,,,,,,,,,,,,,,,,,,,,,,,,,,,,,,,,,,,,,,,,,,,,,,,,,,,,,,,,,,,,,,,,,,,,,,,,,,,,,,,,,
Freud Inc-DBDS14125A01F,Freud Inc,DBDS14125A01F,DBDS14125A01F,DBDS14125A01F,Freud Inc DBDS14125A01F,Industrial & Commercial > General,Freud Inc,,,Freud Inc DBDS14125A01F General Component,Diameter: 14 in; Thickness: 1 in,,,,"Freud Inc, General, DBDS14125A01F",,,,,,,,,,,,,,,General,,,,,,Active,,,,,,,,,,,,,,,,,,,,,,,,,,,,,,,,,,,,,,,,,,,,,,,,,,,,,,,,,,,,,,,,,,Diameter,14,in,Thickness,1,in,,,,,,,,,,,,,,,,,,,,,,,,,,,,,,,,,,,,,,,,,,,,,,,,,,,,,,,,,,,,,,,,,,,,,,,,,,,,,,,,,,,,,,,,,,,,,,,,,,,,,,,,,,,,,,,,,,,,,,,,,,,,,,,,,,,,,,,,,,,,,,,,
Freud Inc-DBDS14125G01F,Freud Inc,DBDS14125G01F,DBDS14125G01F,DBDS14125G01F,Freud Inc DBDS14125G01F,Industrial & Commercial > General,Freud Inc,,,Freud Inc DBDS14125G01F General Component,Diameter: 14 in; Thickness: 20 mm; Material: Steel Demon Metal,,,,"Freud Inc, General, DBDS14125G01F",,,,,,,,,,,,,,,General,,,,,,Active,,,,,,,,,,,,,,,,,,,,,,,,,,,,,,,,,,,Steel Demon Metal,,,,,,,,,,,,,,,,,,,,,,,,,,,,,,,Diameter,14,in,Thickness,20,mm,Material,Steel Demon Metal,,,,,,,,,,,,,,,,,,,,,,,,,,,,,,,,,,,,,,,,,,,,,,,,,,,,,,,,,,,,,,,,,,,,,,,,,,,,,,,,,,,,,,,,,,,,,,,,,,,,,,,,,,,,,,,,,,,,,,,,,,,,,,,,,,,,,,,,,,,,,,
Milwaukee Accessory-49-94-0013,Milwaukee Accessory,49-94-0013,49-94-0013,49-94-0013,Milwaukee Accessory 49-94-0013,Industrial & Commercial > General,Milwaukee Accessory,,,Milwaukee Accessory 49-94-0013 General Component,Diameter: 5 in; Thickness: 45 in; Width: 0.875 in,,,,"Milwaukee Accessory, General, 49-94-0013",,,,,,,,,,,,,,,General,,,,,,Active,,,,,,,,,,,,,,,,,,,,,,,,,,,,,,,,,,,,,,,,,,,,,,,,,,,,,,,,,,,,,,,,,,Diameter,5,in,Thickness,45,in,Width,0.875,in,,,,,,,,,,,,,,,,,,,,,,,,,,,,,,,,,,,,,,,,,,,,,,,,,,,,,,,,,,,,,,,,,,,,,,,,,,,,,,,,,,,,,,,,,,,,,,,,,,,,,,,,,,,,,,,,,,,,,,,,,,,,,,,,,,,,,,,,,,,,,
Milwaukee Accessory-49-94-0029,Milwaukee Accessory,49-94-0029,49-94-0029,49-94-0029,Milwaukee Accessory 49-94-0029,Industrial & Commercial > General,Milwaukee Accessory,,,Milwaukee Accessory 49-94-0029 General Component,Diameter: 6-1; Thickness: 0.125 in; Width: 0.625 in,,,,"Milwaukee Accessory, General, 49-94-0029",,,,,,,,,,,,,,,General,,,,,,Active,,,,,,,,,,,,,,,,,,,,,,,,,,,,,,,,,,,,,,,,,,,,,,,,,,,,,,,,,,,,,,,,,,Diameter,6-1,,Thickness,0.125,in,Width,0.625,in,,,,,,,,,,,,,,,,,,,,,,,,,,,,,,,,,,,,,,,,,,,,,,,,,,,,,,,,,,,,,,,,,,,,,,,,,,,,,,,,,,,,,,,,,,,,,,,,,,,,,,,,,,,,,,,,,,,,,,,,,,,,,,,,,,,,,,,,,,,,,
Milwaukee Accessory-49-94-0033,Milwaukee Accessory,49-94-0033,49-94-0033,49-94-0033,Milwaukee Accessory 49-94-0033,Industrial & Commercial > General,Milwaukee Accessory,,,Milwaukee Accessory 49-94-0033 General Component,Length: 7 in; Width: 0.0625 in; Thickness: 0.875 in; Material: Metal,,,,"Milwaukee Accessory, General, 49-94-0033",,,,,,,,,,,,,,,General,,,,,,Active,,,,,,,,,,,,,,,,,,,,,,,,,,,,,,,,,,,Metal,,,,,,,,,,,,,,,,,,,,,,,,,,,,,,,Length,7,in,Width,0.0625,in,Thickness,0.875,in,Material,Metal,,,,,,,,,,,,,,,,,,,,,,,,,,,,,,,,,,,,,,,,,,,,,,,,,,,,,,,,,,,,,,,,,,,,,,,,,,,,,,,,,,,,,,,,,,,,,,,,,,,,,,,,,,,,,,,,,,,,,,,,,,,,,,,,,,,,,,,,,,,
Milwaukee Accessory-49-94-0001,Milwaukee Accessory,49-94-0001,49-94-0001,49-94-0001,Milwaukee Accessory 49-94-0001,Industrial & Commercial > General,Milwaukee Accessory,,,Milwaukee Accessory 49-94-0001 General Component,Diameter: 4 in; Thickness: 0.04 in; Width: 0.625 in,,,,"Milwaukee Accessory, General, 49-94-0001",,,,,,,,,,,,,,,General,,,,,,Active,,,,,,,,,,,,,,,,,,,,,,,,,,,,,,,,,,,,,,,,,,,,,,,,,,,,,,,,,,,,,,,,,,Diameter,4,in,Thickness,0.04,in,Width,0.625,in,,,,,,,,,,,,,,,,,,,,,,,,,,,,,,,,,,,,,,,,,,,,,,,,,,,,,,,,,,,,,,,,,,,,,,,,,,,,,,,,,,,,,,,,,,,,,,,,,,,,,,,,,,,,,,,,,,,,,,,,,,,,,,,,,,,,,,,,,,,,,
Milwaukee Accessory-49-94-0039,Milwaukee Accessory,49-94-0039,49-94-0039,49-94-0039,Milwaukee Accessory 49-94-0039,Industrial & Commercial > General,Milwaukee Accessory,,,Milwaukee Accessory 49-94-0039 General Component,Diameter: 7 in; Thickness: 0.125 in; Width: 0.625 in,,,,"Milwaukee Accessory, General, 49-94-0039",,,,,,,,,,,,,,,General,,,,,,Active,,,,,,,,,,,,,,,,,,,,,,,,,,0.625,in,,,,,,,,,,,,,,,,,,,,,,,,,,,,,,,,,,,,,,,Diameter,7,in,Thickness,0.125,in,Width,0.625,in,,,,,,,,,,,,,,,,,,,,,,,,,,,,,,,,,,,,,,,,,,,,,,,,,,,,,,,,,,,,,,,,,,,,,,,,,,,,,,,,,,,,,,,,,,,,,,,,,,,,,,,,,,,,,,,,,,,,,,,,,,,,,,,,,,,,,,,,,,,,,
Milwaukee Accessory-49-94-0043,Milwaukee Accessory,49-94-0043,49-94-0043,49-94-0043,Milwaukee Accessory 49-94-0043,Industrial & Commercial > General,Milwaukee Accessory,,,Milwaukee Accessory 49-94-0043 General Component,Diameter: 9 in; Thickness: 0.094 in; Width: 0.875 in,,,,"Milwaukee Accessory, General, 49-94-0043",,,,,,,,,,,,,,,General,,,,,,Active,,,,,,,,,,,,,,,,,,,,,,,,,,0.875,in,,,,,,,,,,,,,,,,,,,,,,,,,,,,,,,,,,,,,,,Diameter,9,in,Thickness,0.094,in,Width,0.875,in,,,,,,,,,,,,,,,,,,,,,,,,,,,,,,,,,,,,,,,,,,,,,,,,,,,,,,,,,,,,,,,,,,,,,,,,,,,,,,,,,,,,,,,,,,,,,,,,,,,,,,,,,,,,,,,,,,,,,,,,,,,,,,,,,,,,,,,,,,,,,
Milwaukee Accessory-49-94-0048,Milwaukee Accessory,49-94-0048,49-94-0048,49-94-0048,Milwaukee Accessory 49-94-0048,Industrial & Commercial > General,Milwaukee Accessory,,,Milwaukee Accessory 49-94-0048 General Component,Diameter: 12 in; Thickness: 0.109 in; Width: 1 in,,,,"Milwaukee Accessory, General, 49-94-0048",,,,,,,,,,,,,,,General,,,,,,Active,,,,,,,,,,,,,,,,,,,,,,,,,,,,,,,,,,,,,,,,,,,,,,,,,,,,,,,,,,,,,,,,,,Diameter,12,in,Thickness,0.109,in,Width,1,in,,,,,,,,,,,,,,,,,,,,,,,,,,,,,,,,,,,,,,,,,,,,,,,,,,,,,,,,,,,,,,,,,,,,,,,,,,,,,,,,,,,,,,,,,,,,,,,,,,,,,,,,,,,,,,,,,,,,,,,,,,,,,,,,,,,,,,,,,,,,,
Milwaukee Accessory-49-94-0053,Milwaukee Accessory,49-94-0053,49-94-0053,49-94-0053,Milwaukee Accessory 49-94-0053,Industrial & Commercial > General,Milwaukee Accessory,,,Milwaukee Accessory 49-94-0053 General Component,Disc Diameter: 12 in; Disc Thickness: 0.125 in; Arbor Size: 1 in; Disc Material: Metal,,,,"Milwaukee Accessory, General, 49-94-0053",,,,,,,,,,,,,,,General,,,,,,Active,,,,,,,,,,,,,,,,,,,,,,,,,,,,,,,,,,,,,,,,,,,,,,,,,,,,,,,,,,,,,,,,,,Disc Diameter,12,in,Disc Thickness,0.125,in,Arbor Size,1,in,Disc Material,Metal,,,,,,,,,,,,,,,,,,,,,,,,,,,,,,,,,,,,,,,,,,,,,,,,,,,,,,,,,,,,,,,,,,,,,,,,,,,,,,,,,,,,,,,,,,,,,,,,,,,,,,,,,,,,,,,,,,,,,,,,,,,,,,,,,,,,,,,,,,,
Milwaukee Accessory-49-94-0058,Milwaukee Accessory,49-94-0058,49-94-0058,49-94-0058,Milwaukee Accessory 49-94-0058,Industrial & Commercial > General,Milwaukee Accessory,,,Milwaukee Accessory 49-94-0058 General Component,Diameter: 12 in; Thickness: 0.125 in; Width: 20 mm; Material: Metal,,,,"Milwaukee Accessory, General, 49-94-0058",,,,,,,,,,,,,,,General,,,,,,Active,,,,,,,,,,,,,,,,,,,,,,,,,,,,,,,,,,,Metal,,,,,,,,,,,,,,,,,,,,,,,,,,,,,,,Diameter,12,in,Thickness,0.125,in,Width,20,mm,Material,Metal,,,,,,,,,,,,,,,,,,,,,,,,,,,,,,,,,,,,,,,,,,,,,,,,,,,,,,,,,,,,,,,,,,,,,,,,,,,,,,,,,,,,,,,,,,,,,,,,,,,,,,,,,,,,,,,,,,,,,,,,,,,,,,,,,,,,,,,,,,,
Milwaukee Accessory-49-94-0063,Milwaukee Accessory,49-94-0063,49-94-0063,49-94-0063,Milwaukee Accessory 49-94-0063,Industrial & Commercial > General,Milwaukee Accessory,,,Milwaukee Accessory 49-94-0063 General Component,Diameter: 14 in; Thickness: 0.109 in; Width: 1 in,,,,"Milwaukee Accessory, General, 49-94-0063",,,,,,,,,,,,,,,General,,,,,,Active,,,,,,,,,,,,,,,,,,,,,,,,,,,,,,,,,,,,,,,,,,,,,,,,,,,,,,,,,,,,,,,,,,Diameter,14,in,Thickness,0.109,in,Width,1,in,,,,,,,,,,,,,,,,,,,,,,,,,,,,,,,,,,,,,,,,,,,,,,,,,,,,,,,,,,,,,,,,,,,,,,,,,,,,,,,,,,,,,,,,,,,,,,,,,,,,,,,,,,,,,,,,,,,,,,,,,,,,,,,,,,,,,,,,,,,,,
Milwaukee Accessory-49-94-0068,Milwaukee Accessory,49-94-0068,49-94-0068,49-94-0068,Milwaukee Accessory 49-94-0068,Industrial & Commercial > General,Milwaukee Accessory,,,Milwaukee Accessory 49-94-0068 General Component,Disc Diameter: 14 in; Disc Thickness: 0.125 in; Disc Arbor Hole: 20 mm; Disc Material: Metal,,,,"Milwaukee Accessory, General, 49-94-0068",,,,,,,,,,,,,,,General,,,,,,Active,,,,,,,,,,,,,,,,,,,,,,,,,,,,,,,,,,,,,,,,,,,,,,,,,,,,,,,,,,,,,,,,,,Disc Diameter,14,in,Disc Thickness,0.125,in,Disc Arbor Hole,20,mm,Disc Material,Metal,,,,,,,,,,,,,,,,,,,,,,,,,,,,,,,,,,,,,,,,,,,,,,,,,,,,,,,,,,,,,,,,,,,,,,,,,,,,,,,,,,,,,,,,,,,,,,,,,,,,,,,,,,,,,,,,,,,,,,,,,,,,,,,,,,,,,,,,,,,
Milwaukee Accessory-49-94-0073,Milwaukee Accessory,49-94-0073,49-94-0073,49-94-0073,Milwaukee Accessory 49-94-0073,Industrial & Commercial > General,Milwaukee Accessory,,,Milwaukee Accessory 49-94-0073 General Component,Diameter: 14; Thickness: 0.125; Width: 1; Material: Metal,,,,"Milwaukee Accessory, General, 49-94-0073",,,,,,,,,,,,,,,General,,,,,,Active,,,,,,,,,,,,,,,,,,,,,,,,,,1,in,,,,,,,,Metal,,,,,,,,,,,,,,,,,,,,,,,,,,,,,,,Diameter,14,,Thickness,0.125,,Width,1,,Material,Metal,,,,,,,,,,,,,,,,,,,,,,,,,,,,,,,,,,,,,,,,,,,,,,,,,,,,,,,,,,,,,,,,,,,,,,,,,,,,,,,,,,,,,,,,,,,,,,,,,,,,,,,,,,,,,,,,,,,,,,,,,,,,,,,,,,,,,,,,,,,
Milwaukee Accessory-49-94-0101,Milwaukee Accessory,49-94-0101,49-94-0101,49-94-0101,Milwaukee Accessory 49-94-0101,Industrial & Commercial > General,Milwaukee Accessory,,,Milwaukee Accessory 49-94-0101 General Component,Diameter: 4-1; Thickness: 0.45 in; Width: 0.875 in; Quantity Pcs: 10 pc,,,,"Milwaukee Accessory, General, 49-94-0101",,,,,,,,,,,,,,,General,,,,,,Active,,,,,,,,,,,,,,,,,,,,,,,,,,,,,,,,,,,,,,,,,,,,,,,,,,,,,,,,,,,,,,,,,,Diameter,4-1,,Thickness,0.45,in,Width,0.875,in,Quantity Pcs,10,pc,,,,,,,,,,,,,,,,,,,,,,,,,,,,,,,,,,,,,,,,,,,,,,,,,,,,,,,,,,,,,,,,,,,,,,,,,,,,,,,,,,,,,,,,,,,,,,,,,,,,,,,,,,,,,,,,,,,,,,,,,,,,,,,,,,,,,,,,,,
Milwaukee Accessory-49-94-0107,Milwaukee Accessory,49-94-0107,49-94-0107,49-94-0107,Milwaukee Accessory 49-94-0107,Industrial & Commercial > General,Milwaukee Accessory,,,Milwaukee Accessory 49-94-0107 General Component,Width: 4-1; Thickness: 0.045 in; Height: 0.875 in,,,,"Milwaukee Accessory, General, 49-94-0107",,,,,,,,,,,,,,,General,,,,,,Active,,,,,,,,,,,,,,,,,,,,,,,,,,,,,,,,,,,,,,,,,,,,,,,,,,,,,,,,,,,,,,,,,,Width,4-1,,Thickness,0.045,in,Height,0.875,in,,,,,,,,,,,,,,,,,,,,,,,,,,,,,,,,,,,,,,,,,,,,,,,,,,,,,,,,,,,,,,,,,,,,,,,,,,,,,,,,,,,,,,,,,,,,,,,,,,,,,,,,,,,,,,,,,,,,,,,,,,,,,,,,,,,,,,,,,,,,,
Milwaukee Accessory-49-94-0117,Milwaukee Accessory,49-94-0117,49-94-0117,49-94-0117,Milwaukee Accessory 49-94-0117,Industrial & Commercial > General,Milwaukee Accessory,,,Milwaukee Accessory 49-94-0117 General Component,Diameter: 5 inx; Cutting Depth: 45 inx; Cutting Width: 0.875 in,,,,"Milwaukee Accessory, General, 49-94-0117",,,,,,,,,,,,,,,General,,,,,,Active,,,,,,,,,,,,,,,,,,,,,,,,,,,,,,,,,,,,,,,,,,,,,,,,,,,,,,,,,,,,,,,,,,Diameter,5,inx,Cutting Depth,45,inx,Cutting Width,0.875,in,,,,,,,,,,,,,,,,,,,,,,,,,,,,,,,,,,,,,,,,,,,,,,,,,,,,,,,,,,,,,,,,,,,,,,,,,,,,,,,,,,,,,,,,,,,,,,,,,,,,,,,,,,,,,,,,,,,,,,,,,,,,,,,,,,,,,,,,,,,,,
Milwaukee Accessory-49-94-0123,Milwaukee Accessory,49-94-0123,49-94-0123,49-94-0123,Milwaukee Accessory 49-94-0123,Industrial & Commercial > General,Milwaukee Accessory,,,Milwaukee Accessory 49-94-0123 General Component,Diameter: 6 inx.; Thickness: 45 in; Cutting Width: 0.875 in,,,,"Milwaukee Accessory, General, 49-94-0123",,,,,,,,,,,,,,,General,,,,,,Active,,,,,,,,,,,,,,,,,,,,,,,,,,,,,,,,,,,,,,,,,,,,,,,,,,,,,,,,,,,,,,,,,,Diameter,6,inx.,Thickness,45,in,Cutting Width,0.875,in,,,,,,,,,,,,,,,,,,,,,,,,,,,,,,,,,,,,,,,,,,,,,,,,,,,,,,,,,,,,,,,,,,,,,,,,,,,,,,,,,,,,,,,,,,,,,,,,,,,,,,,,,,,,,,,,,,,,,,,,,,,,,,,,,,,,,,,,,,,,,
Milwaukee Accessory-49-94-0023,Milwaukee Accessory,49-94-0023,49-94-0023,49-94-0023,Milwaukee Accessory 49-94-0023,Industrial & Commercial > General,Milwaukee Accessory,,,Milwaukee Accessory 49-94-0023 General Component,Diameter: 6 inx; Thickness: 45 inx; Width: 0.875 in; Material: Metal,,,,"Milwaukee Accessory, General, 49-94-0023",,,,,,,,,,,,,,,General,,,,,,Active,,,,,,,,,,,,,,,,,,,,,,,,,,,,,,,,,,,Metal,,,,,,,,,,,,,,,,,,,,,,,,,,,,,,,Diameter,6,inx,Thickness,45,inx,Width,0.875,in,Material,Metal,,,,,,,,,,,,,,,,,,,,,,,,,,,,,,,,,,,,,,,,,,,,,,,,,,,,,,,,,,,,,,,,,,,,,,,,,,,,,,,,,,,,,,,,,,,,,,,,,,,,,,,,,,,,,,,,,,,,,,,,,,,,,,,,,,,,,,,,,,,
Milwaukee Accessory-49-94-0121,Milwaukee Accessory,49-94-0121,49-94-0121,49-94-0121,Milwaukee Accessory 49-94-0121,Industrial & Commercial > General,Milwaukee Accessory,,,Milwaukee Accessory 49-94-0121 General Component,Width: 6 in; Thickness: 0.45 in; Length: 0.875 in; Quantity: 10 pc,,,,"Milwaukee Accessory, General, 49-94-0121",,,,,,,,,,,,,,,General,,,,,,Active,,,,,,,,,,,,,,,,,,,,,,,,,,,,,,,,,,,,,,,,,,,,,,,,,,,,,,,,,,,,,,,,,,Width,6,in,Thickness,0.45,in,Length,0.875,in,Quantity,10,pc,,,,,,,,,,,,,,,,,,,,,,,,,,,,,,,,,,,,,,,,,,,,,,,,,,,,,,,,,,,,,,,,,,,,,,,,,,,,,,,,,,,,,,,,,,,,,,,,,,,,,,,,,,,,,,,,,,,,,,,,,,,,,,,,,,,,,,,,,,
Milwaukee Accessory-49-94-0127,Milwaukee Accessory,49-94-0127,49-94-0127,49-94-0127,Milwaukee Accessory 49-94-0127,Industrial & Commercial > General,Milwaukee Accessory,,,Milwaukee Accessory 49-94-0127 General Component,Diameter: 6 in; Thickness: 0.045 in; Width: 0.875 in,,,,"Milwaukee Accessory, General, 49-94-0127",,,,,,,,,,,,,,,General,,,,,,Active,,,,,,,,,,,,,,,,,,,,,,,,,,0.875,in,,,,,,,,,,,,,,,,,,,,,,,,,,,,,,,,,,,,,,,Diameter,6,in,Thickness,0.045,in,Width,0.875,in,,,,,,,,,,,,,,,,,,,,,,,,,,,,,,,,,,,,,,,,,,,,,,,,,,,,,,,,,,,,,,,,,,,,,,,,,,,,,,,,,,,,,,,,,,,,,,,,,,,,,,,,,,,,,,,,,,,,,,,,,,,,,,,,,,,,,,,,,,,,,
Milwaukee Accessory-49-94-0137,Milwaukee Accessory,49-94-0137,49-94-0137,49-94-0137,Milwaukee Accessory 49-94-0137,Industrial & Commercial > General,Milwaukee Accessory,,,Milwaukee Accessory 49-94-0137 General Component,Diameter: 7 in; Thickness: 0.094 in; Width: 0.875 in,,,,"Milwaukee Accessory, General, 49-94-0137",,,,,,,,,,,,,,,General,,,,,,Active,,,,,,,,,,,,,,,,,,,,,,,,,,,,,,,,,,,,,,,,,,,,,,,,,,,,,,,,,,,,,,,,,,Diameter,7,in,Thickness,0.094,in,Width,0.875,in,,,,,,,,,,,,,,,,,,,,,,,,,,,,,,,,,,,,,,,,,,,,,,,,,,,,,,,,,,,,,,,,,,,,,,,,,,,,,,,,,,,,,,,,,,,,,,,,,,,,,,,,,,,,,,,,,,,,,,,,,,,,,,,,,,,,,,,,,,,,,
Milwaukee Accessory-49-94-0160,Milwaukee Accessory,49-94-0160,49-94-0160,49-94-0160,Milwaukee Accessory 49-94-0160,Industrial & Commercial > General,Milwaukee Accessory,,,Milwaukee Accessory 49-94-0160 General Component,Diameter: 14 in; Thickness: 0.109 in; Width: 1 in,,,,"Milwaukee Accessory, General, 49-94-0160",,,,,,,,,,,,,,,General,,,,,,Active,,,,,,,,,,,,,,,,,,,,,,,,,,,,,,,,,,,,,,,,,,,,,,,,,,,,,,,,,,,,,,,,,,Diameter,14,in,Thickness,0.109,in,Width,1,in,,,,,,,,,,,,,,,,,,,,,,,,,,,,,,,,,,,,,,,,,,,,,,,,,,,,,,,,,,,,,,,,,,,,,,,,,,,,,,,,,,,,,,,,,,,,,,,,,,,,,,,,,,,,,,,,,,,,,,,,,,,,,,,,,,,,,,,,,,,,,
Milwaukee Accessory-49-94-0223,Milwaukee Accessory,49-94-0223,49-94-0223,49-94-0223,Milwaukee Accessory 49-94-0223,Industrial & Commercial > General,Milwaukee Accessory,,,Milwaukee Accessory 49-94-0223 General Component,Diameter: 6 in; Thickness: 0.45 in; Width: 0.875 in,,,,"Milwaukee Accessory, General, 49-94-0223",,,,,,,,,,,,,,,General,,,,,,Active,,,,,,,,,,,,,,,,,,,,,,,,,,,,,,,,,,,,,,,,,,,,,,,,,,,,,,,,,,,,,,,,,,Diameter,6,in,Thickness,0.45,in,Width,0.875,in,,,,,,,,,,,,,,,,,,,,,,,,,,,,,,,,,,,,,,,,,,,,,,,,,,,,,,,,,,,,,,,,,,,,,,,,,,,,,,,,,,,,,,,,,,,,,,,,,,,,,,,,,,,,,,,,,,,,,,,,,,,,,,,,,,,,,,,,,,,,,
Milwaukee Accessory-49-94-0445,Milwaukee Accessory,49-94-0445,49-94-0445,49-94-0445,Milwaukee Accessory 49-94-0445,Industrial & Commercial > General,Milwaukee Accessory,,,Milwaukee Accessory 49-94-0445 General Component,Diameter: 10 in; Thickness: 0.094 in; Width: 0.625 in,,,,"Milwaukee Accessory, General, 49-94-0445",,,,,,,,,,,,,,,General,,,,,,Active,,,,,,,,,,,,,,,,,,,,,,,,,,0.625,in,,,,,,,,,,,,,,,,,,,,,,,,,,,,,,,,,,,,,,,Diameter,10,in,Thickness,0.094,in,Width,0.625,in,,,,,,,,,,,,,,,,,,,,,,,,,,,,,,,,,,,,,,,,,,,,,,,,,,,,,,,,,,,,,,,,,,,,,,,,,,,,,,,,,,,,,,,,,,,,,,,,,,,,,,,,,,,,,,,,,,,,,,,,,,,,,,,,,,,,,,,,,,,,,
Milwaukee Accessory-49-94-0803,Milwaukee Accessory,49-94-0803,49-94-0803,49-94-0803,Milwaukee Accessory 49-94-0803,Industrial & Commercial > General,Milwaukee Accessory,,,Milwaukee Accessory 49-94-0803 General Component,Width: 4-1; Thickness: 0.125 in; Depth: 0.875 in,,,,"Milwaukee Accessory, General, 49-94-0803",,,,,,,,,,,,,,,General,,,,,,Active,,,,,,,,,,,,,,,,,,,,,,,,,,,,,,,,,,,,,,,,,,,,,,,,,,,,,,,,,,,,,,,,,,Width,4-1,,Thickness,0.125,in,Depth,0.875,in,,,,,,,,,,,,,,,,,,,,,,,,,,,,,,,,,,,,,,,,,,,,,,,,,,,,,,,,,,,,,,,,,,,,,,,,,,,,,,,,,,,,,,,,,,,,,,,,,,,,,,,,,,,,,,,,,,,,,,,,,,,,,,,,,,,,,,,,,,,,,
Milwaukee Accessory-49-94-0903,Milwaukee Accessory,49-94-0903,49-94-0903,49-94-0903,Milwaukee Accessory 49-94-0903,Industrial & Commercial > General,Milwaukee Accessory,,,Milwaukee Accessory 49-94-0903 General Component,Width: 4-1; Thickness: 0.125 in; Height: 0.875 in,,,,"Milwaukee Accessory, General, 49-94-0903",,,,,,,,,,,,,,,General,,,,,,Active,,,,,,,,,,,,,,,,,,,,,,,,,,,,,,,,,,,,,,,,,,,,,,,,,,,,,,,,,,,,,,,,,,Width,4-1,,Thickness,0.125,in,Height,0.875,in,,,,,,,,,,,,,,,,,,,,,,,,,,,,,,,,,,,,,,,,,,,,,,,,,,,,,,,,,,,,,,,,,,,,,,,,,,,,,,,,,,,,,,,,,,,,,,,,,,,,,,,,,,,,,,,,,,,,,,,,,,,,,,,,,,,,,,,,,,,,,
Milwaukee Accessory-49-94-0907,Milwaukee Accessory,49-94-0907,49-94-0907,49-94-0907,Milwaukee Accessory 49-94-0907,Industrial & Commercial > General,Milwaukee Accessory,,,Milwaukee Accessory 49-94-0907 General Component,Disc Diameter: 4-1; Disc Thickness: 0.125 in; Disc Length Range: 5/8-11 in,,,,"Milwaukee Accessory, General, 49-94-0907",,,,,,,,,,,,,,,General,,,,,,Active,,,,,,,,,,,,,,,,,,,,,,,,,,,,,,,,,,,,,,,,,,,,,,,,,,,,,,,,,,,,,,,,,,Disc Diameter,4-1,,Disc Thickness,0.125,in,Disc Length Range,5/8-11 in,,,,,,,,,,,,,,,,,,,,,,,,,,,,,,,,,,,,,,,,,,,,,,,,,,,,,,,,,,,,,,,,,,,,,,,,,,,,,,,,,,,,,,,,,,,,,,,,,,,,,,,,,,,,,,,,,,,,,,,,,,,,,,,,,,,,,,,,,,,,,,
Milwaukee Accessory-49-94-0923,Milwaukee Accessory,49-94-0923,49-94-0923,49-94-0923,Milwaukee Accessory 49-94-0923,Industrial & Commercial > General,Milwaukee Accessory,,,Milwaukee Accessory 49-94-0923 General Component,Diameter: 6 in; Thickness: 0.125 in; Width: 0.875 in,,,,"Milwaukee Accessory, General, 49-94-0923",,,,,,,,,,,,,,,General,,,,,,Active,,,,,,,,,,,,,,,,,,,,,,,,,,,,,,,,,,,,,,,,,,,,,,,,,,,,,,,,,,,,,,,,,,Diameter,6,in,Thickness,0.125,in,Width,0.875,in,,,,,,,,,,,,,,,,,,,,,,,,,,,,,,,,,,,,,,,,,,,,,,,,,,,,,,,,,,,,,,,,,,,,,,,,,,,,,,,,,,,,,,,,,,,,,,,,,,,,,,,,,,,,,,,,,,,,,,,,,,,,,,,,,,,,,,,,,,,,,
Milwaukee Accessory-49-94-1900,Milwaukee Accessory,49-94-1900,49-94-1900,49-94-1900,Milwaukee Accessory 49-94-1900,Industrial & Commercial > General,Milwaukee Accessory,,,Milwaukee Accessory 49-94-1900 General Component,Diameter: 4 in; Thickness: 0.125 in; Width: 0.625 in,,,,"Milwaukee Accessory, General, 49-94-1900",,,,,,,,,,,,,,,General,,,,,,Active,,,,,,,,,,,,,,,,,,,,,,,,,,,,,,,,,,,,,,,,,,,,,,,,,,,,,,,,,,,,,,,,,,Diameter,4,in,Thickness,0.125,in,Width,0.625,in,,,,,,,,,,,,,,,,,,,,,,,,,,,,,,,,,,,,,,,,,,,,,,,,,,,,,,,,,,,,,,,,,,,,,,,,,,,,,,,,,,,,,,,,,,,,,,,,,,,,,,,,,,,,,,,,,,,,,,,,,,,,,,,,,,,,,,,,,,,,,
Milwaukee Accessory-49-94-1905,Milwaukee Accessory,49-94-1905,49-94-1905,49-94-1905,Milwaukee Accessory 49-94-1905,Industrial & Commercial > General,Milwaukee Accessory,,,Milwaukee Accessory 49-94-1905 General Component,Dimension 1: 4-1; Dimension 2: 0.125 in; Dimension 3: 0.875 in,,,,"Milwaukee Accessory, General, 49-94-1905",,,,,,,,,,,,,,,General,,,,,,Active,,,,,,,,,,,,,,,,,,,,,,,,,,,,,,,,,,,,,,,,,,,,,,,,,,,,,,,,,,,,,,,,,,Dimension 1,4-1,,Dimension 2,0.125,in,Dimension 3,0.875,in,,,,,,,,,,,,,,,,,,,,,,,,,,,,,,,,,,,,,,,,,,,,,,,,,,,,,,,,,,,,,,,,,,,,,,,,,,,,,,,,,,,,,,,,,,,,,,,,,,,,,,,,,,,,,,,,,,,,,,,,,,,,,,,,,,,,,,,,,,,,,
Milwaukee Accessory-49-94-1915,Milwaukee Accessory,49-94-1915,49-94-1915,49-94-1915,Milwaukee Accessory 49-94-1915,Industrial & Commercial > General,Milwaukee Accessory,,,Milwaukee Accessory 49-94-1915 General Component,Diameter: 6-1; Thickness: 0.125 in; Depth: 0.625 in,,,,"Milwaukee Accessory, General, 49-94-1915",,,,,,,,,,,,,,,General,,,,,,Active,,,,,,,,,,,,,,,,,,,,,,,,,,,,,,,,,,,,,,,,,,,,,,,,,,,,,,,,,,,,,,,,,,Diameter,6-1,,Thickness,0.125,in,Depth,0.625,in,,,,,,,,,,,,,,,,,,,,,,,,,,,,,,,,,,,,,,,,,,,,,,,,,,,,,,,,,,,,,,,,,,,,,,,,,,,,,,,,,,,,,,,,,,,,,,,,,,,,,,,,,,,,,,,,,,,,,,,,,,,,,,,,,,,,,,,,,,,,,
Milwaukee Accessory-49-94-1920,Milwaukee Accessory,49-94-1920,49-94-1920,49-94-1920,Milwaukee Accessory 49-94-1920,Industrial & Commercial > General,Milwaukee Accessory,,,Milwaukee Accessory 49-94-1920 General Component,Dimension Length: 7 in; Dimension Width: 0.625 in; Dimension Thickness: 0.125 in,,,,"Milwaukee Accessory, General, 49-94-1920",,,,,,,,,,,,,,,General,,,,,,Active,,,,,,,,,,,,,,,,,,,,,,,,,,,,,,,,,,,,,,,,,,,,,,,,,,,,,,,,,,,,,,,,,,Dimension Length,7,in,Dimension Width,0.625,in,Dimension Thickness,0.125,in,,,,,,,,,,,,,,,,,,,,,,,,,,,,,,,,,,,,,,,,,,,,,,,,,,,,,,,,,,,,,,,,,,,,,,,,,,,,,,,,,,,,,,,,,,,,,,,,,,,,,,,,,,,,,,,,,,,,,,,,,,,,,,,,,,,,,,,,,,,,,
Milwaukee Accessory-49-94-1925,Milwaukee Accessory,49-94-1925,49-94-1925,49-94-1925,Milwaukee Accessory 49-94-1925,Industrial & Commercial > General,Milwaukee Accessory,,,Milwaukee Accessory 49-94-1925 General Component,Diameter: 10 in; Thickness: 0.125 in; Depth: 0.625 in,,,,"Milwaukee Accessory, General, 49-94-1925",,,,,,,,,,,,,,,General,,,,,,Active,,,,,,,,,,,,,,,,,,,,,,,,,,,,,,,,,,,,,,,,,,,,,,,,,,,,,,,,,,,,,,,,,,Diameter,10,in,Thickness,0.125,in,Depth,0.625,in,,,,,,,,,,,,,,,,,,,,,,,,,,,,,,,,,,,,,,,,,,,,,,,,,,,,,,,,,,,,,,,,,,,,,,,,,,,,,,,,,,,,,,,,,,,,,,,,,,,,,,,,,,,,,,,,,,,,,,,,,,,,,,,,,,,,,,,,,,,,,
Milwaukee Accessory-49-94-1935,Milwaukee Accessory,49-94-1935,49-94-1935,49-94-1935,Milwaukee Accessory 49-94-1935,Industrial & Commercial > General,Milwaukee Accessory,,,Milwaukee Accessory 49-94-1935 General Component,Diameter: 12 in; Thickness: 0.125 in; Width: 1 in,,,,"Milwaukee Accessory, General, 49-94-1935",,,,,,,,,,,,,,,General,,,,,,Active,,,,,,,,,,,,,,,,,,,,,,,,,,,,,,,,,,,,,,,,,,,,,,,,,,,,,,,,,,,,,,,,,,Diameter,12,in,Thickness,0.125,in,Width,1,in,,,,,,,,,,,,,,,,,,,,,,,,,,,,,,,,,,,,,,,,,,,,,,,,,,,,,,,,,,,,,,,,,,,,,,,,,,,,,,,,,,,,,,,,,,,,,,,,,,,,,,,,,,,,,,,,,,,,,,,,,,,,,,,,,,,,,,,,,,,,,
Milwaukee Accessory-49-94-1940,Milwaukee Accessory,49-94-1940,49-94-1940,49-94-1940,Milwaukee Accessory 49-94-1940,Industrial & Commercial > General,Milwaukee Accessory,,,Milwaukee Accessory 49-94-1940 General Component,Dimensions: 14 inx1/8 inx1 in,,,,"Milwaukee Accessory, General, 49-94-1940",,,,,,,,,,,,,,,General,,,,,,Active,,,,,,,,,,,,,,,,,,,,,,,,,,,,,,,,,,,,,,,,,,,,,,,,,,,,,,,,,,,,,,,,,,Dimensions,14 inx1/8 inx1 in,,,,,,,,,,,,,,,,,,,,,,,,,,,,,,,,,,,,,,,,,,,,,,,,,,,,,,,,,,,,,,,,,,,,,,,,,,,,,,,,,,,,,,,,,,,,,,,,,,,,,,,,,,,,,,,,,,,,,,,,,,,,,,,,,,,,,,,,,,,,,,,,,,,,
Milwaukee Accessory-49-94-0501,Milwaukee Accessory,49-94-0501,49-94-0501,49-94-0501,Milwaukee Accessory 49-94-0501,Industrial & Commercial > General,Milwaukee Accessory,,,Milwaukee Accessory 49-94-0501 General Component,Diameter: 4 in; Width: 0.25 in; Thickness: 0.625 in; Material: Metal,,,,"Milwaukee Accessory, General, 49-94-0501",,,,,,,,,,,,,,,General,,,,,,Active,,,,,,,,,,,,,,,,,,,,,,,,,,0.25,in,,,,,,,,Metal,,,,,,,,,,,,,,,,,,,,,,,,,,,,,,,Diameter,4,in,Width,0.25,in,Thickness,0.625,in,Material,Metal,,,,,,,,,,,,,,,,,,,,,,,,,,,,,,,,,,,,,,,,,,,,,,,,,,,,,,,,,,,,,,,,,,,,,,,,,,,,,,,,,,,,,,,,,,,,,,,,,,,,,,,,,,,,,,,,,,,,,,,,,,,,,,,,,,,,,,,,,,,
Milwaukee Accessory-49-94-0503,Milwaukee Accessory,49-94-0503,49-94-0503,49-94-0503,Milwaukee Accessory 49-94-0503,Industrial & Commercial > General,Milwaukee Accessory,,,Milwaukee Accessory 49-94-0503 General Component,Diameter: 4-1; Thickness: 0.25 in; Width: 0.875 in,,,,"Milwaukee Accessory, General, 49-94-0503",,,,,,,,,,,,,,,General,,,,,,Active,,,,,,,,,,,,,,,,,,,,,,,,,,,,,,,,,,,,,,,,,,,,,,,,,,,,,,,,,,,,,,,,,,Diameter,4-1,,Thickness,0.25,in,Width,0.875,in,,,,,,,,,,,,,,,,,,,,,,,,,,,,,,,,,,,,,,,,,,,,,,,,,,,,,,,,,,,,,,,,,,,,,,,,,,,,,,,,,,,,,,,,,,,,,,,,,,,,,,,,,,,,,,,,,,,,,,,,,,,,,,,,,,,,,,,,,,,,,
Milwaukee Accessory-49-94-0523,Milwaukee Accessory,49-94-0523,49-94-0523,49-94-0523,Milwaukee Accessory 49-94-0523,Industrial & Commercial > General,Milwaukee Accessory,,,Milwaukee Accessory 49-94-0523 General Component,Diameter: 6 in; Width: 0.25 in; Thickness: 0.875 in; Material: Metal,,,,"Milwaukee Accessory, General, 49-94-0523",,,,,,,,,,,,,,,General,,,,,,Active,,,,,,,,,,,,,,,,,,,,,,,,,,0.25,in,,,,,,,,Metal,,,,,,,,,,,,,,,,,,,,,,,,,,,,,,,Diameter,6,in,Width,0.25,in,Thickness,0.875,in,Material,Metal,,,,,,,,,,,,,,,,,,,,,,,,,,,,,,,,,,,,,,,,,,,,,,,,,,,,,,,,,,,,,,,,,,,,,,,,,,,,,,,,,,,,,,,,,,,,,,,,,,,,,,,,,,,,,,,,,,,,,,,,,,,,,,,,,,,,,,,,,,,
Milwaukee Accessory-49-94-1955,Milwaukee Accessory,49-94-1955,49-94-1955,49-94-1955,Milwaukee Accessory 49-94-1955,Industrial & Commercial > General,Milwaukee Accessory,,,Milwaukee Accessory 49-94-1955 General Component,Length: 4-1; Width: 0.25 in; Height: 0.875 in,,,,"Milwaukee Accessory, General, 49-94-1955",,,,,,,,,,,,,,,General,,,,,,Active,,,,,,,,,,,,,,,,,,,,,,,,,,,,,,,,,,,,,,,,,,,,,,,,,,,,,,,,,,,,,,,,,,Length,4-1,,Width,0.25,in,Height,0.875,in,,,,,,,,,,,,,,,,,,,,,,,,,,,,,,,,,,,,,,,,,,,,,,,,,,,,,,,,,,,,,,,,,,,,,,,,,,,,,,,,,,,,,,,,,,,,,,,,,,,,,,,,,,,,,,,,,,,,,,,,,,,,,,,,,,,,,,,,,,,,,
Milwaukee Accessory-49-94-1965,Milwaukee Accessory,49-94-1965,49-94-1965,49-94-1965,Milwaukee Accessory 49-94-1965,Industrial & Commercial > General,Milwaukee Accessory,,,Milwaukee Accessory 49-94-1965 General Component,Diameter: 7 in; Width: 0.25 in; Thickness: 0.875 in,,,,"Milwaukee Accessory, General, 49-94-1965",,,,,,,,,,,,,,,General,,,,,,Active,,,,,,,,,,,,,,,,,,,,,,,,,,,,,,,,,,,,,,,,,,,,,,,,,,,,,,,,,,,,,,,,,,Diameter,7,in,Width,0.25,in,Thickness,0.875,in,,,,,,,,,,,,,,,,,,,,,,,,,,,,,,,,,,,,,,,,,,,,,,,,,,,,,,,,,,,,,,,,,,,,,,,,,,,,,,,,,,,,,,,,,,,,,,,,,,,,,,,,,,,,,,,,,,,,,,,,,,,,,,,,,,,,,,,,,,,,,
Milwaukee Accessory-49-94-0513,Milwaukee Accessory,49-94-0513,49-94-0513,49-94-0513,Milwaukee Accessory 49-94-0513,Industrial & Commercial > General,Milwaukee Accessory,,,Milwaukee Accessory 49-94-0513 General Component,Diameter: 5 in; Width: 0.25 in; Thickness: 0.875 in,,,,"Milwaukee Accessory, General, 49-94-0513",,,,,,,,,,,,,,,General,,,,,,Active,,,,,,,,,,,,,,,,,,,,,,,,,,,,,,,,,,,,,,,,,,,,,,,,,,,,,,,,,,,,,,,,,,Diameter,5,in,Width,0.25,in,Thickness,0.875,in,,,,,,,,,,,,,,,,,,,,,,,,,,,,,,,,,,,,,,,,,,,,,,,,,,,,,,,,,,,,,,,,,,,,,,,,,,,,,,,,,,,,,,,,,,,,,,,,,,,,,,,,,,,,,,,,,,,,,,,,,,,,,,,,,,,,,,,,,,,,,
Milwaukee Accessory-49-94-0533,Milwaukee Accessory,49-94-0533,49-94-0533,49-94-0533,Milwaukee Accessory 49-94-0533,Industrial & Commercial > General,Milwaukee Accessory,,,Milwaukee Accessory 49-94-0533 General Component,Diameter: 7 in; Thickness: 0.25 in; Width: 0.875 in; Material: Metal,,,,"Milwaukee Accessory, General, 49-94-0533",,,,,,,,,,,,,,,General,,,,,,Active,,,,,,,,,,,,,,,,,,,,,,,,,,0.875,in,,,,,,,,Metal,,,,,,,,,,,,,,,,,,,,,,,,,,,,,,,Diameter,7,in,Thickness,0.25,in,Width,0.875,in,Material,Metal,,,,,,,,,,,,,,,,,,,,,,,,,,,,,,,,,,,,,,,,,,,,,,,,,,,,,,,,,,,,,,,,,,,,,,,,,,,,,,,,,,,,,,,,,,,,,,,,,,,,,,,,,,,,,,,,,,,,,,,,,,,,,,,,,,,,,,,,,,,
Freud Inc-DFBLBLOMFN01G,Freud Inc,DFBLBLOMFN01G,DFBLBLOMFN01G,DFBLBLOMFN01G,Freud Inc DFBLBLOMFN01G,Industrial & Commercial > General,Freud Inc,,,Freud Inc DFBLBLOMFN01G General Component,Grit: 220 Grit,,,,"Freud Inc, General, DFBLBLOMFN01G",,,,,,,,,,,,,,,General,,,,,,Active,,,,,,,,,,,,,,,,,,,,,,,,,,,,,,,,,,,,,,,,,,,,,,,,,,,,,,,,,,,,,,,,,,Grit,220,Grit,,,,,,,,,,,,,,,,,,,,,,,,,,,,,,,,,,,,,,,,,,,,,,,,,,,,,,,,,,,,,,,,,,,,,,,,,,,,,,,,,,,,,,,,,,,,,,,,,,,,,,,,,,,,,,,,,,,,,,,,,,,,,,,,,,,,,,,,,,,,,,,,,,,
3 M Co-1700-1PK-BB40,3 M Co,1700-1PK-BB40,1700-1PK-BB40,1700-1PK-BB40,3 M Co 1700-1PK-BB40,Industrial & Commercial > General,3 M Co,,,3 M Co 1700-1PK-BB40 General Component,Width: 0.75; Length: 720 in; Material: Vinyl; Type: Elect Tape,,,,"3 M Co, General, 1700-1PK-BB40",,,,,,,,,,,,,,,General,,,,,,Active,,,,,,,,,,,,,,,,,,,,,,,,,,,,,,,,,,,Vinyl,,,,,,,,,,,,,,,,,,,,,,,,,,,,,,,Width,0.75,,Length,720,in,Material,Vinyl,,Type,Elect Tape,,,,,,,,,,,,,,,,,,,,,,,,,,,,,,,,,,,,,,,,,,,,,,,,,,,,,,,,,,,,,,,,,,,,,,,,,,,,,,,,,,,,,,,,,,,,,,,,,,,,,,,,,,,,,,,,,,,,,,,,,,,,,,,,,,,,,,,,,,,
Emseal Joint Systems Ltd-ASH-40-40-04,Emseal Joint Systems Ltd,ASH-40-40-04,ASH-40-40-04,ASH-40-40-04,Emseal Joint Systems Ltd ASH-40-40-04,Industrial & Commercial > General,Emseal Joint Systems Ltd,,,Emseal Joint Systems Ltd ASH-40-40-04 General Component,Width: 18 in; Thickness: 18 in; Length: 156 in,,,,"Emseal Joint Systems Ltd, General, ASH-40-40-04",,,,,,,,,,,,,,,General,,,,,,Active,,,,,,,,,,,,,,,,,,,,,,,,,,,,,,,,,,,,,,,,,,,,,,,,,,,,,,,,,,,,,,,,,,Width,18,in,Thickness,18,in,Length,156,in,,,,,,,,,,,,,,,,,,,,,,,,,,,,,,,,,,,,,,,,,,,,,,,,,,,,,,,,,,,,,,,,,,,,,,,,,,,,,,,,,,,,,,,,,,,,,,,,,,,,,,,,,,,,,,,,,,,,,,,,,,,,,,,,,,,,,,,,,,,,,
Appliance Dealers Cooperative-KDFM404KPS,Appliance Dealers Cooperative,KDFM404KPS,KDFM404KPS,KDFM404KPS,Appliance Dealers Cooperative KDFM404KPS,Industrial & Commercial > General,Appliance Dealers Cooperative,,,Appliance Dealers Cooperative KDFM404KPS General Component,,,,,"Appliance Dealers Cooperative, General, KDFM404KPS",,,,,,,,,,,,,,,General,,,,,,Active,,,,,,,,,,,,,,,,,,,,,,,,,,,,,,,,,,,,,,,,,,,,,,,,,,,,,,,,,,,,,,,,,,,,,,,,,,,,,,,,,,,,,,,,,,,,,,,,,,,,,,,,,,,,,,,,,,,,,,,,,,,,,,,,,,,,,,,,,,,,,,,,,,,,,,,,,,,,,,,,,,,,,,,,,,,,,,,,,,,,,,,,,,,,,,,,,,,,,,,,,,,,,,,,,,,,,,,
Appliance Dealers Cooperative-PDSH4816AF,Appliance Dealers Cooperative,PDSH4816AF,PDSH4816AF,PDSH4816AF,Appliance Dealers Cooperative PDSH4816AF,Industrial & Commercial > General,Appliance Dealers Cooperative,,,Appliance Dealers Cooperative PDSH4816AF General Component,,,,,"Appliance Dealers Cooperative, General, PDSH4816AF",,,,,,,,,,,,,,,General,,,,,,Active,,,,,,,,,,,,,,,,,,,,,,,,,,,,,,,,,,,,,,,,,,,,,,,,,,,,,,,,,,,,,,,,,,,,,,,,,,,,,,,,,,,,,,,,,,,,,,,,,,,,,,,,,,,,,,,,,,,,,,,,,,,,,,,,,,,,,,,,,,,,,,,,,,,,,,,,,,,,,,,,,,,,,,,,,,,,,,,,,,,,,,,,,,,,,,,,,,,,,,,,,,,,,,,,,,,,,,,
Appliance Dealers Cooperative-PDT715SYVFS,Appliance Dealers Cooperative,PDT715SYVFS,PDT715SYVFS,PDT715SYVFS,Appliance Dealers Cooperative PDT715SYVFS,Industrial & Commercial > General,Appliance Dealers Cooperative,,,Appliance Dealers Cooperative PDT715SYVFS General Component,,,,,"Appliance Dealers Cooperative, General, PDT715SYVFS",,,,,,,,,,,,,,,General,,,,,,Active,,,,,,,,,,,,,,,,,,,,,,,,,,,,,,,,,,,,,,,,,,,,,,,,,,,,,,,,,,,,,,,,,,,,,,,,,,,,,,,,,,,,,,,,,,,,,,,,,,,,,,,,,,,,,,,,,,,,,,,,,,,,,,,,,,,,,,,,,,,,,,,,,,,,,,,,,,,,,,,,,,,,,,,,,,,,,,,,,,,,,,,,,,,,,,,,,,,,,,,,,,,,,,,,,,,,,,,
Appliance Dealers Cooperative-LDPH5554D,Appliance Dealers Cooperative,LDPH5554D,LDPH5554D,LDPH5554D,Appliance Dealers Cooperative LDPH5554D,Industrial & Commercial > General,Appliance Dealers Cooperative,,,Appliance Dealers Cooperative LDPH5554D General Component,,,,,"Appliance Dealers Cooperative, General, LDPH5554D",,,,,,,,,,,,,,,General,,,,,,Active,,,,,,,,,,,,,,,,,,,,,,,,,,,,,,,,,,,,,,,,,,,,,,,,,,,,,,,,,,,,,,,,,,,,,,,,,,,,,,,,,,,,,,,,,,,,,,,,,,,,,,,,,,,,,,,,,,,,,,,,,,,,,,,,,,,,,,,,,,,,,,,,,,,,,,,,,,,,,,,,,,,,,,,,,,,,,,,,,,,,,,,,,,,,,,,,,,,,,,,,,,,,,,,,,,,,,,,
Appliance Dealers Cooperative-WDTS7024RZ,Appliance Dealers Cooperative,WDTS7024RZ,WDTS7024RZ,WDTS7024RZ,Appliance Dealers Cooperative WDTS7024RZ,Industrial & Commercial > General,Appliance Dealers Cooperative,,,Appliance Dealers Cooperative WDTS7024RZ General Component,,,,,"Appliance Dealers Cooperative, General, WDTS7024RZ",,,,,,,,,,,,,,,General,,,,,,Active,,,,,,,,,,,,,,,,,,,,,,,,,,,,,,,,,,,,,,,,,,,,,,,,,,,,,,,,,,,,,,,,,,,,,,,,,,,,,,,,,,,,,,,,,,,,,,,,,,,,,,,,,,,,,,,,,,,,,,,,,,,,,,,,,,,,,,,,,,,,,,,,,,,,,,,,,,,,,,,,,,,,,,,,,,,,,,,,,,,,,,,,,,,,,,,,,,,,,,,,,,,,,,,,,,,,,,,
Appliance Dealers Cooperative-PDD415PYYFS,Appliance Dealers Cooperative,PDD415PYYFS,PDD415PYYFS,PDD415PYYFS,Appliance Dealers Cooperative PDD415PYYFS,Industrial & Commercial > General,Appliance Dealers Cooperative,,,Appliance Dealers Cooperative PDD415PYYFS General Component,,,,,"Appliance Dealers Cooperative, General, PDD415PYYFS",,,,,,,,,,,,,,,General,,,,,,Active,,,,,,,,,,,,,,,,,,,,,,,,,,,,,,,,,,,,,,,,,,,,,,,,,,,,,,,,,,,,,,,,,,,,,,,,,,,,,,,,,,,,,,,,,,,,,,,,,,,,,,,,,,,,,,,,,,,,,,,,,,,,,,,,,,,,,,,,,,,,,,,,,,,,,,,,,,,,,,,,,,,,,,,,,,,,,,,,,,,,,,,,,,,,,,,,,,,,,,,,,,,,,,,,,,,,,,,
Appliance Dealers Cooperative-KDTS424SBE,Appliance Dealers Cooperative,KDTS424SBE,KDTS424SBE,KDTS424SBE,Appliance Dealers Cooperative KDTS424SBE,Industrial & Commercial > General,Appliance Dealers Cooperative,,,Appliance Dealers Cooperative KDTS424SBE General Component,,,,,"Appliance Dealers Cooperative, General, KDTS424SBE",,,,,,,,,,,,,,,General,,,,,,Active,,,,,,,,,,,,,,,,,,,,,,,,,,,,,,,,,,,,,,,,,,,,,,,,,,,,,,,,,,,,,,,,,,,,,,,,,,,,,,,,,,,,,,,,,,,,,,,,,,,,,,,,,,,,,,,,,,,,,,,,,,,,,,,,,,,,,,,,,,,,,,,,,,,,,,,,,,,,,,,,,,,,,,,,,,,,,,,,,,,,,,,,,,,,,,,,,,,,,,,,,,,,,,,,,,,,,,,
Appliance Dealers Cooperative-KDTS324SPS,Appliance Dealers Cooperative,KDTS324SPS,KDTS324SPS,KDTS324SPS,Appliance Dealers Cooperative KDTS324SPS,Industrial & Commercial > General,Appliance Dealers Cooperative,,,Appliance Dealers Cooperative KDTS324SPS General Component,Material: SS,,,,"Appliance Dealers Cooperative, General, KDTS324SPS",,,,,,,,,,,,,,,General,,,,,,Active,,,,,,,,,,,,,,,,,,,,,,,,,,,,,,,,,,,SS,,,,,,,,,,,,,,,,,,,,,,,,,,,,,,,Material,SS,,,,,,,,,,,,,,,,,,,,,,,,,,,,,,,,,,,,,,,,,,,,,,,,,,,,,,,,,,,,,,,,,,,,,,,,,,,,,,,,,,,,,,,,,,,,,,,,,,,,,,,,,,,,,,,,,,,,,,,,,,,,,,,,,,,,,,,,,,,,,,,,,,,,
Appliance Dealers Cooperative-KDPS624SJP,Appliance Dealers Cooperative,KDPS624SJP,KDPS624SJP,KDPS624SJP,Appliance Dealers Cooperative KDPS624SJP,Industrial & Commercial > General,Appliance Dealers Cooperative,,,Appliance Dealers Cooperative KDPS624SJP General Component,,,,,"Appliance Dealers Cooperative, General, KDPS624SJP",,,,,,,,,,,,,,,General,,,,,,Active,,,,,,,,,,,,,,,,,,,,,,,,,,,,,,,,,,,,,,,,,,,,,,,,,,,,,,,,,,,,,,,,,,,,,,,,,,,,,,,,,,,,,,,,,,,,,,,,,,,,,,,,,,,,,,,,,,,,,,,,,,,,,,,,,,,,,,,,,,,,,,,,,,,,,,,,,,,,,,,,,,,,,,,,,,,,,,,,,,,,,,,,,,,,,,,,,,,,,,,,,,,,,,,,,,,,,,,
Appliance Dealers Cooperative-KDTS624SBE,Appliance Dealers Cooperative,KDTS624SBE,KDTS624SBE,KDTS624SBE,Appliance Dealers Cooperative KDTS624SBE,Industrial & Commercial > General,Appliance Dealers Cooperative,,,Appliance Dealers Cooperative KDTS624SBE General Component,,,,,"Appliance Dealers Cooperative, General, KDTS624SBE",,,,,,,,,,,,,,,General,,,,,,Active,,,,,,,,,,,,,,,,,,,,,,,,,,,,,,,,,,,,,,,,,,,,,,,,,,,,,,,,,,,,,,,,,,,,,,,,,,,,,,,,,,,,,,,,,,,,,,,,,,,,,,,,,,,,,,,,,,,,,,,,,,,,,,,,,,,,,,,,,,,,,,,,,,,,,,,,,,,,,,,,,,,,,,,,,,,,,,,,,,,,,,,,,,,,,,,,,,,,,,,,,,,,,,,,,,,,,,,
V & V Appliance Parts Inc-D519127,V & V Appliance Parts Inc,D519127,D519127,D519127,V & V Appliance Parts Inc D519127,Industrial & Commercial > General,V & V Appliance Parts Inc,,,V & V Appliance Parts Inc D519127 General Component,,,,,"V & V Appliance Parts Inc, General, D519127",,,,,,,,,,,,,,,General,,,,,,Active,,,,,,,,,,,,,,,,,,,,,,,,,,,,,,,,,,,,,,,,,,,,,,,,,,,,,,,,,,,,,,,,,,,,,,,,,,,,,,,,,,,,,,,,,,,,,,,,,,,,,,,,,,,,,,,,,,,,,,,,,,,,,,,,,,,,,,,,,,,,,,,,,,,,,,,,,,,,,,,,,,,,,,,,,,,,,,,,,,,,,,,,,,,,,,,,,,,,,,,,,,,,,,,,,,,,,,,
Appliance Dealers Cooperative-DF7004WE,Appliance Dealers Cooperative,DF7004WE,DF7004WE,DF7004WE,Appliance Dealers Cooperative DF7004WE,Industrial & Commercial > General,Appliance Dealers Cooperative,,,Appliance Dealers Cooperative DF7004WE General Component,,,,,"Appliance Dealers Cooperative, General, DF7004WE",,,,,,,,,,,,,,,General,,,,,,Active,,,,,,,,,,,,,,,,,,,,,,,,,,,,,,,,,,,,,,,,,,,,,,,,,,,,,,,,,,,,,,,,,,,,,,,,,,,,,,,,,,,,,,,,,,,,,,,,,,,,,,,,,,,,,,,,,,,,,,,,,,,,,,,,,,,,,,,,,,,,,,,,,,,,,,,,,,,,,,,,,,,,,,,,,,,,,,,,,,,,,,,,,,,,,,,,,,,,,,,,,,,,,,,,,,,,,,,
Appliance Dealers Cooperative-DR7004BE,Appliance Dealers Cooperative,DR7004BE,DR7004BE,DR7004BE,Appliance Dealers Cooperative DR7004BE,Industrial & Commercial > General,Appliance Dealers Cooperative,,,Appliance Dealers Cooperative DR7004BE General Component,,,,,"Appliance Dealers Cooperative, General, DR7004BE",,,,,,,,,,,,,,,General,,,,,,Active,,,,,,,,,,,,,,,,,,,,,,,,,,,,,,,,,,,,,,,,,,,,,,,,,,,,,,,,,,,,,,,,,,,,,,,,,,,,,,,,,,,,,,,,,,,,,,,,,,,,,,,,,,,,,,,,,,,,,,,,,,,,,,,,,,,,,,,,,,,,,,,,,,,,,,,,,,,,,,,,,,,,,,,,,,,,,,,,,,,,,,,,,,,,,,,,,,,,,,,,,,,,,,,,,,,,,,,
Appliance Dealers Cooperative-DV2000WE,Appliance Dealers Cooperative,DV2000WE,DV2000WE,DV2000WE,Appliance Dealers Cooperative DV2000WE,Industrial & Commercial > General,Appliance Dealers Cooperative,,,Appliance Dealers Cooperative DV2000WE General Component,,,,,"Appliance Dealers Cooperative, General, DV2000WE",,,,,,,,,,,,,,,General,,,,,,Active,,,,,,,,,,,,,,,,,,,,,,,,,,,,,,,,,,,,,,,,,,,,,,,,,,,,,,,,,,,,,,,,,,,,,,,,,,,,,,,,,,,,,,,,,,,,,,,,,,,,,,,,,,,,,,,,,,,,,,,,,,,,,,,,,,,,,,,,,,,,,,,,,,,,,,,,,,,,,,,,,,,,,,,,,,,,,,,,,,,,,,,,,,,,,,,,,,,,,,,,,,,,,,,,,,,,,,,
Appliance Dealers Cooperative-DC5004WE,Appliance Dealers Cooperative,DC5004WE,DC5004WE,DC5004WE,Appliance Dealers Cooperative DC5004WE,Industrial & Commercial > General,Appliance Dealers Cooperative,,,Appliance Dealers Cooperative DC5004WE General Component,,,,,"Appliance Dealers Cooperative, General, DC5004WE",,,,,,,,,,,,,,,General,,,,,,Active,,,,,,,,,,,,,,,,,,,,,,,,,,,,,,,,,,,,,,,,,,,,,,,,,,,,,,,,,,,,,,,,,,,,,,,,,,,,,,,,,,,,,,,,,,,,,,,,,,,,,,,,,,,,,,,,,,,,,,,,,,,,,,,,,,,,,,,,,,,,,,,,,,,,,,,,,,,,,,,,,,,,,,,,,,,,,,,,,,,,,,,,,,,,,,,,,,,,,,,,,,,,,,,,,,,,,,,
Appliance Dealers Cooperative-DC5004BE,Appliance Dealers Cooperative,DC5004BE,DC5004BE,DC5004BE,Appliance Dealers Cooperative DC5004BE,Industrial & Commercial > General,Appliance Dealers Cooperative,,,Appliance Dealers Cooperative DC5004BE General Component,,,,,"Appliance Dealers Cooperative, General, DC5004BE",,,,,,,,,,,,,,,General,,,,,,Active,,,,,,,,,,,,,,,,,,,,,,,,,,,,,,,,,,,,,,,,,,,,,,,,,,,,,,,,,,,,,,,,,,,,,,,,,,,,,,,,,,,,,,,,,,,,,,,,,,,,,,,,,,,,,,,,,,,,,,,,,,,,,,,,,,,,,,,,,,,,,,,,,,,,,,,,,,,,,,,,,,,,,,,,,,,,,,,,,,,,,,,,,,,,,,,,,,,,,,,,,,,,,,,,,,,,,,,
Appliance Dealers Cooperative-WKE100HWA,Appliance Dealers Cooperative,WKE100HWA,WKE100HWA,WKE100HWA,Appliance Dealers Cooperative WKE100HWA,Industrial & Commercial > General,Appliance Dealers Cooperative,,,Appliance Dealers Cooperative WKE100HWA General Component,,,,,"Appliance Dealers Cooperative, General, WKE100HWA",,,,,,,,,,,,,,,General,,,,,,Active,,,,,,,,,,,,,,,,,,,,,,,,,,,,,,,,,,,,,,,,,,,,,,,,,,,,,,,,,,,,,,,,,,,,,,,,,,,,,,,,,,,,,,,,,,,,,,,,,,,,,,,,,,,,,,,,,,,,,,,,,,,,,,,,,,,,,,,,,,,,,,,,,,,,,,,,,,,,,,,,,,,,,,,,,,,,,,,,,,,,,,,,,,,,,,,,,,,,,,,,,,,,,,,,,,,,,,,
Appliance Dealers Cooperative-FF7011WN,Appliance Dealers Cooperative,FF7011WN,FF7011WN,FF7011WN,Appliance Dealers Cooperative FF7011WN,Industrial & Commercial > General,Appliance Dealers Cooperative,,,Appliance Dealers Cooperative FF7011WN General Component,,,,,"Appliance Dealers Cooperative, General, FF7011WN",,,,,,,,,,,,,,,General,,,,,,Active,,,,,,,,,,,,,,,,,,,,,,,,,,,,,,,,,,,,,,,,,,,,,,,,,,,,,,,,,,,,,,,,,,,,,,,,,,,,,,,,,,,,,,,,,,,,,,,,,,,,,,,,,,,,,,,,,,,,,,,,,,,,,,,,,,,,,,,,,,,,,,,,,,,,,,,,,,,,,,,,,,,,,,,,,,,,,,,,,,,,,,,,,,,,,,,,,,,,,,,,,,,,,,,,,,,,,,,
Appliance Dealers Cooperative-PTD70GBPTDG,Appliance Dealers Cooperative,PTD70GBPTDG,PTD70GBPTDG,PTD70GBPTDG,Appliance Dealers Cooperative PTD70GBPTDG,Industrial & Commercial > General,Appliance Dealers Cooperative,,,Appliance Dealers Cooperative PTD70GBPTDG General Component,,,,,"Appliance Dealers Cooperative, General, PTD70GBPTDG",,,,,,,,,,,,,,,General,,,,,,Active,,,,,,,,,,,,,,,,,,,,,,,,,,,,,,,,,,,,,,,,,,,,,,,,,,,,,,,,,,,,,,,,,,,,,,,,,,,,,,,,,,,,,,,,,,,,,,,,,,,,,,,,,,,,,,,,,,,,,,,,,,,,,,,,,,,,,,,,,,,,,,,,,,,,,,,,,,,,,,,,,,,,,,,,,,,,,,,,,,,,,,,,,,,,,,,,,,,,,,,,,,,,,,,,,,,,,,,
Appliance Dealers Cooperative-PTD70GBSTWS,Appliance Dealers Cooperative,PTD70GBSTWS,PTD70GBSTWS,PTD70GBSTWS,Appliance Dealers Cooperative PTD70GBSTWS,Industrial & Commercial > General,Appliance Dealers Cooperative,,,Appliance Dealers Cooperative PTD70GBSTWS General Component,,,,,"Appliance Dealers Cooperative, General, PTD70GBSTWS",,,,,,,,,,,,,,,General,,,,,,Active,,,,,,,,,,,,,,,,,,,,,,,,,,,,,,,,,,,,,,,,,,,,,,,,,,,,,,,,,,,,,,,,,,,,,,,,,,,,,,,,,,,,,,,,,,,,,,,,,,,,,,,,,,,,,,,,,,,,,,,,,,,,,,,,,,,,,,,,,,,,,,,,,,,,,,,,,,,,,,,,,,,,,,,,,,,,,,,,,,,,,,,,,,,,,,,,,,,,,,,,,,,,,,,,,,,,,,,
Appliance Dealers Cooperative-DR5004WG,Appliance Dealers Cooperative,DR5004WG,DR5004WG,DR5004WG,Appliance Dealers Cooperative DR5004WG,Industrial & Commercial > General,Appliance Dealers Cooperative,,,Appliance Dealers Cooperative DR5004WG General Component,,,,,"Appliance Dealers Cooperative, General, DR5004WG",,,,,,,,,,,,,,,General,,,,,,Active,,,,,,,,,,,,,,,,,,,,,,,,,,,,,,,,,,,,,,,,,,,,,,,,,,,,,,,,,,,,,,,,,,,,,,,,,,,,,,,,,,,,,,,,,,,,,,,,,,,,,,,,,,,,,,,,,,,,,,,,,,,,,,,,,,,,,,,,,,,,,,,,,,,,,,,,,,,,,,,,,,,,,,,,,,,,,,,,,,,,,,,,,,,,,,,,,,,,,,,,,,,,,,,,,,,,,,,
Appliance Dealers Cooperative-DR7004BG,Appliance Dealers Cooperative,DR7004BG,DR7004BG,DR7004BG,Appliance Dealers Cooperative DR7004BG,Industrial & Commercial > General,Appliance Dealers Cooperative,,,Appliance Dealers Cooperative DR7004BG General Component,,,,,"Appliance Dealers Cooperative, General, DR7004BG",,,,,,,,,,,,,,,General,,,,,,Active,,,,,,,,,,,,,,,,,,,,,,,,,,,,,,,,,,,,,,,,,,,,,,,,,,,,,,,,,,,,,,,,,,,,,,,,,,,,,,,,,,,,,,,,,,,,,,,,,,,,,,,,,,,,,,,,,,,,,,,,,,,,,,,,,,,,,,,,,,,,,,,,,,,,,,,,,,,,,,,,,,,,,,,,,,,,,,,,,,,,,,,,,,,,,,,,,,,,,,,,,,,,,,,,,,,,,,,
Appliance Dealers Cooperative-DR7004WG,Appliance Dealers Cooperative,DR7004WG,DR7004WG,DR7004WG,Appliance Dealers Cooperative DR7004WG,Industrial & Commercial > General,Appliance Dealers Cooperative,,,Appliance Dealers Cooperative DR7004WG General Component,,,,,"Appliance Dealers Cooperative, General, DR7004WG",,,,,,,,,,,,,,,General,,,,,,Active,,,,,,,,,,,,,,,,,,,,,,,,,,,,,,,,,,,,,,,,,,,,,,,,,,,,,,,,,,,,,,,,,,,,,,,,,,,,,,,,,,,,,,,,,,,,,,,,,,,,,,,,,,,,,,,,,,,,,,,,,,,,,,,,,,,,,,,,,,,,,,,,,,,,,,,,,,,,,,,,,,,,,,,,,,,,,,,,,,,,,,,,,,,,,,,,,,,,,,,,,,,,,,,,,,,,,,,
Appliance Dealers Cooperative-DV2000WG,Appliance Dealers Cooperative,DV2000WG,DV2000WG,DV2000WG,Appliance Dealers Cooperative DV2000WG,Industrial & Commercial > General,Appliance Dealers Cooperative,,,Appliance Dealers Cooperative DV2000WG General Component,,,,,"Appliance Dealers Cooperative, General, DV2000WG",,,,,,,,,,,,,,,General,,,,,,Active,,,,,,,,,,,,,,,,,,,,,,,,,,,,,,,,,,,,,,,,,,,,,,,,,,,,,,,,,,,,,,,,,,,,,,,,,,,,,,,,,,,,,,,,,,,,,,,,,,,,,,,,,,,,,,,,,,,,,,,,,,,,,,,,,,,,,,,,,,,,,,,,,,,,,,,,,,,,,,,,,,,,,,,,,,,,,,,,,,,,,,,,,,,,,,,,,,,,,,,,,,,,,,,,,,,,,,,
Appliance Dealers Cooperative-DC5004WG,Appliance Dealers Cooperative,DC5004WG,DC5004WG,DC5004WG,Appliance Dealers Cooperative DC5004WG,Industrial & Commercial > General,Appliance Dealers Cooperative,,,Appliance Dealers Cooperative DC5004WG General Component,,,,,"Appliance Dealers Cooperative, General, DC5004WG",,,,,,,,,,,,,,,General,,,,,,Active,,,,,,,,,,,,,,,,,,,,,,,,,,,,,,,,,,,,,,,,,,,,,,,,,,,,,,,,,,,,,,,,,,,,,,,,,,,,,,,,,,,,,,,,,,,,,,,,,,,,,,,,,,,,,,,,,,,,,,,,,,,,,,,,,,,,,,,,,,,,,,,,,,,,,,,,,,,,,,,,,,,,,,,,,,,,,,,,,,,,,,,,,,,,,,,,,,,,,,,,,,,,,,,,,,,,,,,
Appliance Dealers Cooperative-DC5004BG,Appliance Dealers Cooperative,DC5004BG,DC5004BG,DC5004BG,Appliance Dealers Cooperative DC5004BG,Industrial & Commercial > General,Appliance Dealers Cooperative,,,Appliance Dealers Cooperative DC5004BG General Component,,,,,"Appliance Dealers Cooperative, General, DC5004BG",,,,,,,,,,,,,,,General,,,,,,Active,,,,,,,,,,,,,,,,,,,,,,,,,,,,,,,,,,,,,,,,,,,,,,,,,,,,,,,,,,,,,,,,,,,,,,,,,,,,,,,,,,,,,,,,,,,,,,,,,,,,,,,,,,,,,,,,,,,,,,,,,,,,,,,,,,,,,,,,,,,,,,,,,,,,,,,,,,,,,,,,,,,,,,,,,,,,,,,,,,,,,,,,,,,,,,,,,,,,,,,,,,,,,,,,,,,,,,,
Appliance Dealers Cooperative-PTW705BSTWS,Appliance Dealers Cooperative,PTW705BSTWS,PTW705BSTWS,PTW705BSTWS,Appliance Dealers Cooperative PTW705BSTWS,Industrial & Commercial > General,Appliance Dealers Cooperative,,,Appliance Dealers Cooperative PTW705BSTWS General Component,,,,,"Appliance Dealers Cooperative, General, PTW705BSTWS",,,,,,,,,,,,,,,General,,,,,,Active,,,,,,,,,,,,,,,,,,,,,,,,,,,,,,,,,,,,,,,,,,,,,,,,,,,,,,,,,,,,,,,,,,,,,,,,,,,,,,,,,,,,,,,,,,,,,,,,,,,,,,,,,,,,,,,,,,,,,,,,,,,,,,,,,,,,,,,,,,,,,,,,,,,,,,,,,,,,,,,,,,,,,,,,,,,,,,,,,,,,,,,,,,,,,,,,,,,,,,,,,,,,,,,,,,,,,,,
Appliance Dealers Cooperative-MVWP586GW,Appliance Dealers Cooperative,MVWP586GW,MVWP586GW,MVWP586GW,Appliance Dealers Cooperative MVWP586GW,Industrial & Commercial > General,Appliance Dealers Cooperative,,,Appliance Dealers Cooperative MVWP586GW General Component,,,,,"Appliance Dealers Cooperative, General, MVWP586GW",,,,,,,,,,,,,,,General,,,,,,Active,,,,,,,,,,,,,,,,,,,,,,,,,,,,,,,,,,,,,,,,,,,,,,,,,,,,,,,,,,,,,,,,,,,,,,,,,,,,,,,,,,,,,,,,,,,,,,,,,,,,,,,,,,,,,,,,,,,,,,,,,,,,,,,,,,,,,,,,,,,,,,,,,,,,,,,,,,,,,,,,,,,,,,,,,,,,,,,,,,,,,,,,,,,,,,,,,,,,,,,,,,,,,,,,,,,,,,,
Appliance Dealers Cooperative-TV2000WN,Appliance Dealers Cooperative,TV2000WN,TV2000WN,TV2000WN,Appliance Dealers Cooperative TV2000WN,Industrial & Commercial > General,Appliance Dealers Cooperative,,,Appliance Dealers Cooperative TV2000WN General Component,,,,,"Appliance Dealers Cooperative, General, TV2000WN",,,,,,,,,,,,,,,General,,,,,,Active,,,,,,,,,,,,,,,,,,,,,,,,,,,,,,,,,,,,,,,,,,,,,,,,,,,,,,,,,,,,,,,,,,,,,,,,,,,,,,,,,,,,,,,,,,,,,,,,,,,,,,,,,,,,,,,,,,,,,,,,,,,,,,,,,,,,,,,,,,,,,,,,,,,,,,,,,,,,,,,,,,,,,,,,,,,,,,,,,,,,,,,,,,,,,,,,,,,,,,,,,,,,,,,,,,,,,,,
Appliance Dealers Cooperative-TC5003BN,Appliance Dealers Cooperative,TC5003BN,TC5003BN,TC5003BN,Appliance Dealers Cooperative TC5003BN,Industrial & Commercial > General,Appliance Dealers Cooperative,,,Appliance Dealers Cooperative TC5003BN General Component,,,,,"Appliance Dealers Cooperative, General, TC5003BN",,,,,,,,,,,,,,,General,,,,,,Active,,,,,,,,,,,,,,,,,,,,,,,,,,,,,,,,,,,,,,,,,,,,,,,,,,,,,,,,,,,,,,,,,,,,,,,,,,,,,,,,,,,,,,,,,,,,,,,,,,,,,,,,,,,,,,,,,,,,,,,,,,,,,,,,,,,,,,,,,,,,,,,,,,,,,,,,,,,,,,,,,,,,,,,,,,,,,,,,,,,,,,,,,,,,,,,,,,,,,,,,,,,,,,,,,,,,,,,
Appliance Dealers Cooperative-TR7006WN,Appliance Dealers Cooperative,TR7006WN,TR7006WN,TR7006WN,Appliance Dealers Cooperative TR7006WN,Industrial & Commercial > General,Appliance Dealers Cooperative,,,Appliance Dealers Cooperative TR7006WN General Component,,,,,"Appliance Dealers Cooperative, General, TR7006WN",,,,,,,,,,,,,,,General,,,,,,Active,,,,,,,,,,,,,,,,,,,,,,,,,,,,,,,,,,,,,,,,,,,,,,,,,,,,,,,,,,,,,,,,,,,,,,,,,,,,,,,,,,,,,,,,,,,,,,,,,,,,,,,,,,,,,,,,,,,,,,,,,,,,,,,,,,,,,,,,,,,,,,,,,,,,,,,,,,,,,,,,,,,,,,,,,,,,,,,,,,,,,,,,,,,,,,,,,,,,,,,,,,,,,,,,,,,,,,,
Appliance Dealers Cooperative-TR7006BN,Appliance Dealers Cooperative,TR7006BN,TR7006BN,TR7006BN,Appliance Dealers Cooperative TR7006BN,Industrial & Commercial > General,Appliance Dealers Cooperative,,,Appliance Dealers Cooperative TR7006BN General Component,,,,,"Appliance Dealers Cooperative, General, TR7006BN",,,,,,,,,,,,,,,General,,,,,,Active,,,,,,,,,,,,,,,,,,,,,,,,,,,,,,,,,,,,,,,,,,,,,,,,,,,,,,,,,,,,,,,,,,,,,,,,,,,,,,,,,,,,,,,,,,,,,,,,,,,,,,,,,,,,,,,,,,,,,,,,,,,,,,,,,,,,,,,,,,,,,,,,,,,,,,,,,,,,,,,,,,,,,,,,,,,,,,,,,,,,,,,,,,,,,,,,,,,,,,,,,,,,,,,,,,,,,,,
Appliance Dealers Cooperative-TR5006WN,Appliance Dealers Cooperative,TR5006WN,TR5006WN,TR5006WN,Appliance Dealers Cooperative TR5006WN,Industrial & Commercial > General,Appliance Dealers Cooperative,,,Appliance Dealers Cooperative TR5006WN General Component,,,,,"Appliance Dealers Cooperative, General, TR5006WN",,,,,,,,,,,,,,,General,,,,,,Active,,,,,,,,,,,,,,,,,,,,,,,,,,,,,,,,,,,,,,,,,,,,,,,,,,,,,,,,,,,,,,,,,,,,,,,,,,,,,,,,,,,,,,,,,,,,,,,,,,,,,,,,,,,,,,,,,,,,,,,,,,,,,,,,,,,,,,,,,,,,,,,,,,,,,,,,,,,,,,,,,,,,,,,,,,,,,,,,,,,,,,,,,,,,,,,,,,,,,,,,,,,,,,,,,,,,,,,
Wera Tools NA Inc-05134545001,Wera Tools NA Inc,05134545001,05134545001,05134545001,Wera Tools NA Inc 05134545001,Industrial & Commercial > General,Wera Tools NA Inc,,,Wera Tools NA Inc 05134545001 General Component,,,,,"Wera Tools NA Inc, General, 05134545001",,,,,,,,,,,,,,,General,,,,,,Active,,,,,,,,,,,,,,,,,,,,,,,,,,,,,,,,,,,,,,,,,,,,,,,,,,,,,,,,,,,,,,,,,,,,,,,,,,,,,,,,,,,,,,,,,,,,,,,,,,,,,,,,,,,,,,,,,,,,,,,,,,,,,,,,,,,,,,,,,,,,,,,,,,,,,,,,,,,,,,,,,,,,,,,,,,,,,,,,,,,,,,,,,,,,,,,,,,,,,,,,,,,,,,,,,,,,,,,
--LNL65301,-,LNL65301,LNL65301,LNL65301,- LNL65301,Industrial & Commercial > General,-,,,- LNL65301 General Component,,,,,"-, General, LNL65301",,,,,,,,,,,,,,,General,,,,,,Active,,,,,,,,,,,,,,,,,,,,,,,,,,,,,,,,,,,,,,,,,,,,,,,,,,,,,,,,,,,,,,,,,,,,,,,,,,,,,,,,,,,,,,,,,,,,,,,,,,,,,,,,,,,,,,,,,,,,,,,,,,,,,,,,,,,,,,,,,,,,,,,,,,,,,,,,,,,,,,,,,,,,,,,,,,,,,,,,,,,,,,,,,,,,,,,,,,,,,,,,,,,,,,,,,,,,,,,
Rees Cast Stone Company-25-A,Rees Cast Stone Company,25-A,25-A,25-A,Rees Cast Stone Company 25-A,Industrial & Commercial > General,Rees Cast Stone Company,,,Rees Cast Stone Company 25-A General Component,Size Code: 25-A; Mortar Type: Type N,,,,"Rees Cast Stone Company, General, 25-A",,,,,,,,,,,,,,,General,,,,,,Active,,,,,,,,,,,,,,,,,,,,,,,,,,,,,,,,,,,,,,,,,,,,,,,,,,,,,,,,,,,,,,,,,,Size Code,25-A,,Mortar Type,Type N,,,,,,,,,,,,,,,,,,,,,,,,,,,,,,,,,,,,,,,,,,,,,,,,,,,,,,,,,,,,,,,,,,,,,,,,,,,,,,,,,,,,,,,,,,,,,,,,,,,,,,,,,,,,,,,,,,,,,,,,,,,,,,,,,,,,,,,,,,,,,,,,,
Rees Cast Stone Company-38-E,Rees Cast Stone Company,38-E,38-E,38-E,Rees Cast Stone Company 38-E,Industrial & Commercial > General,Rees Cast Stone Company,,,Rees Cast Stone Company 38-E General Component,,,,,"Rees Cast Stone Company, General, 38-E",,,,,,,,,,,,,,,General,,,,,,Active,,,,,,,,,,,,,,,,,,,,,,,,,,,,,,,,,,,,,,,,,,,,,,,,,,,,,,,,,,,,,,,,,,,,,,,,,,,,,,,,,,,,,,,,,,,,,,,,,,,,,,,,,,,,,,,,,,,,,,,,,,,,,,,,,,,,,,,,,,,,,,,,,,,,,,,,,,,,,,,,,,,,,,,,,,,,,,,,,,,,,,,,,,,,,,,,,,,,,,,,,,,,,,,,,,,,,,,
Rees Cast Stone Company-59-J,Rees Cast Stone Company,59-J,59-J,59-J,Rees Cast Stone Company 59-J,Industrial & Commercial > General,Rees Cast Stone Company,,,Rees Cast Stone Company 59-J General Component,,,,,"Rees Cast Stone Company, General, 59-J",,,,,,,,,,,,,,,General,,,,,,Active,,,,,,,,,,,,,,,,,,,,,,,,,,,,,,,,,,,,,,,,,,,,,,,,,,,,,,,,,,,,,,,,,,,,,,,,,,,,,,,,,,,,,,,,,,,,,,,,,,,,,,,,,,,,,,,,,,,,,,,,,,,,,,,,,,,,,,,,,,,,,,,,,,,,,,,,,,,,,,,,,,,,,,,,,,,,,,,,,,,,,,,,,,,,,,,,,,,,,,,,,,,,,,,,,,,,,,,
Rees Cast Stone Company-44-A,Rees Cast Stone Company,44-A,44-A,44-A,Rees Cast Stone Company 44-A,Industrial & Commercial > General,Rees Cast Stone Company,,,Rees Cast Stone Company 44-A General Component,Mortar Type: Type N; Compressive Strength: 44-A,,,,"Rees Cast Stone Company, General, 44-A",,,,,,,,,,,,,,,General,,,,,,Active,,,,,,,,,,,,,,,,,,,,,,,,,,,,,,,,,,,,,,,,,,,,,,,,,,,,,,,,,,,,,,,,,,Mortar Type,Type N,,Compressive Strength,44-A,,,,,,,,,,,,,,,,,,,,,,,,,,,,,,,,,,,,,,,,,,,,,,,,,,,,,,,,,,,,,,,,,,,,,,,,,,,,,,,,,,,,,,,,,,,,,,,,,,,,,,,,,,,,,,,,,,,,,,,,,,,,,,,,,,,,,,,,,,,,,,,,,
U S Lumber-543302126,U S Lumber,543302126,543302126,543302126,U S Lumber 543302126,Industrial & Commercial > General,U S Lumber,,,U S Lumber 543302126 General Component,Length: 72 in; Material: Composite Balusters,,,,"U S Lumber, General, 543302126",,,,,,,,,,,,,,,General,,,,,,Active,,,,,,,,,,,,,,,,,,,,,,,,,,,,,,,,,,,Composite Balusters,,,,,,,,,,,,,,,,,,,,,,,,,,,,,,,Length,72,in,Material,Composite Balusters,,,,,,,,,,,,,,,,,,,,,,,,,,,,,,,,,,,,,,,,,,,,,,,,,,,,,,,,,,,,,,,,,,,,,,,,,,,,,,,,,,,,,,,,,,,,,,,,,,,,,,,,,,,,,,,,,,,,,,,,,,,,,,,,,,,,,,,,,,,,,,,,,
U S Lumber-543302146,U S Lumber,543302146,543302146,543302146,U S Lumber 543302146,Industrial & Commercial > General,U S Lumber,,,U S Lumber 543302146 General Component,Length: 96 in; Product Type: Wh Select T-Rail Kit; Orientation: Horiz; Balusters: w/Sq Composite Balusters,,,,"U S Lumber, General, 543302146",,,,,,,,,,,,,,,General,,,,,,Active,,,,,,,,,,,,,,,,,,,,,,,,,,,,,,,,,,,,,,,,,,,,,,,,,,,,,,,,,,,,,,,,,,Length,96,in,Product Type,Wh Select T-Rail Kit,,Orientation,Horiz,,Balusters,w/Sq Composite Balusters,,,,,,,,,,,,,,,,,,,,,,,,,,,,,,,,,,,,,,,,,,,,,,,,,,,,,,,,,,,,,,,,,,,,,,,,,,,,,,,,,,,,,,,,,,,,,,,,,,,,,,,,,,,,,,,,,,,,,,,,,,,,,,,,,,,,,,,,,,,
--73019603,-,73019603,73019603,73019603,- 73019603,Industrial & Commercial > General,-,,,- 73019603 General Component,Length: 72 in,,,,"-, General, 73019603",,,,,,,,,,,,,,,General,,,,,,Active,,,,,,,,,,,,,,,,,,,,,,,,72,in,,,,,,,,,,,,,,,,,,,,,,,,,,,,,,,,,,,,,,,,,Length,72,in,,,,,,,,,,,,,,,,,,,,,,,,,,,,,,,,,,,,,,,,,,,,,,,,,,,,,,,,,,,,,,,,,,,,,,,,,,,,,,,,,,,,,,,,,,,,,,,,,,,,,,,,,,,,,,,,,,,,,,,,,,,,,,,,,,,,,,,,,,,,,,,,,,,
--73019652,-,73019652,73019652,73019652,- 73019652,Industrial & Commercial > General,-,,,- 73019652 General Component,Rail Length: 96 in,,,,"-, General, 73019652",,,,,,,,,,,,,,,General,,,,,,Active,,,,,,,,,,,,,,,,,,,,,,,,,,,,,,,,,,,,,,,,,,,,,,,,,,,,,,,,,,,,,,,,,,Rail Length,96,in,,,,,,,,,,,,,,,,,,,,,,,,,,,,,,,,,,,,,,,,,,,,,,,,,,,,,,,,,,,,,,,,,,,,,,,,,,,,,,,,,,,,,,,,,,,,,,,,,,,,,,,,,,,,,,,,,,,,,,,,,,,,,,,,,,,,,,,,,,,,,,,,,,,
--73019517,-,73019517,73019517,73019517,- 73019517,Industrial & Commercial > General,-,,,- 73019517 General Component,Length: 120 in,,,,"-, General, 73019517",,,,,,,,,,,,,,,General,,,,,,Active,,,,,,,,,,,,,,,,,,,,,,,,120,in,,,,,,,,,,,,,,,,,,,,,,,,,,,,,,,,,,,,,,,,,Length,120,in,,,,,,,,,,,,,,,,,,,,,,,,,,,,,,,,,,,,,,,,,,,,,,,,,,,,,,,,,,,,,,,,,,,,,,,,,,,,,,,,,,,,,,,,,,,,,,,,,,,,,,,,,,,,,,,,,,,,,,,,,,,,,,,,,,,,,,,,,,,,,,,,,,,
--73019602,-,73019602,73019602,73019602,- 73019602,Industrial & Commercial > General,-,,,- 73019602 General Component,Length: 72 in; Material: Black Alum Balusters,,,,"-, General, 73019602",,,,,,,,,,,,,,,General,,,,,,Active,,,,,,,,,,,,,,,,,,,,,,,,,,,,,,,,,,,Black Alum Balusters,,,,,,,,,,,,,,,,,,,,,,,,,,,,,,,Length,72,in,Material,Black Alum Balusters,,,,,,,,,,,,,,,,,,,,,,,,,,,,,,,,,,,,,,,,,,,,,,,,,,,,,,,,,,,,,,,,,,,,,,,,,,,,,,,,,,,,,,,,,,,,,,,,,,,,,,,,,,,,,,,,,,,,,,,,,,,,,,,,,,,,,,,,,,,,,,,,,
--73019651,-,73019651,73019651,73019651,- 73019651,Industrial & Commercial > General,-,,,- 73019651 General Component,Length: 96 in; Material: Black Alum Balusters,,,,"-, General, 73019651",,,,,,,,,,,,,,,General,,,,,,Active,,,,,,,,,,,,,,,,,,,,,,,,,,,,,,,,,,,Black Alum Balusters,,,,,,,,,,,,,,,,,,,,,,,,,,,,,,,Length,96,in,Material,Black Alum Balusters,,,,,,,,,,,,,,,,,,,,,,,,,,,,,,,,,,,,,,,,,,,,,,,,,,,,,,,,,,,,,,,,,,,,,,,,,,,,,,,,,,,,,,,,,,,,,,,,,,,,,,,,,,,,,,,,,,,,,,,,,,,,,,,,,,,,,,,,,,,,,,,,,
--73019516,-,73019516,73019516,73019516,- 73019516,Industrial & Commercial > General,-,,,- 73019516 General Component,Length: 120 in; Material Description: Black Alum Balusters,,,,"-, General, 73019516",,,,,,,,,,,,,,,General,,,,,,Active,,,,,,,,,,,,,,,,,,,,,,,,,,,,,,,,,,,,,,,,,,,,,,,,,,,,,,,,,,,,,,,,,,Length,120,in,Material Description,Black Alum Balusters,,,,,,,,,,,,,,,,,,,,,,,,,,,,,,,,,,,,,,,,,,,,,,,,,,,,,,,,,,,,,,,,,,,,,,,,,,,,,,,,,,,,,,,,,,,,,,,,,,,,,,,,,,,,,,,,,,,,,,,,,,,,,,,,,,,,,,,,,,,,,,,,,
Boise Cascade Building Materials-543300256,Boise Cascade Building Materials,543300256,543300256,543300256,Boise Cascade Building Materials 543300256,Industrial & Commercial > General,Boise Cascade Building Materials,,,Boise Cascade Building Materials 543300256 General Component,Length: 72 in; Baluster Material: Black Alum; Baluster Shape: Rnd; Rail Type: Horiz,,,,"Boise Cascade Building Materials, General, 543300256",,,,,,,,,,,,,,,General,,,,,,Active,,,,,,,,,,,,,,,,,,,,,,,,72,in,,,,,,,,,,,,,,,,,,,,,,,,,,,,,,,,,,,,,,,,,Length,72,in,Baluster Material,Black Alum,,Baluster Shape,Rnd,,Rail Type,Horiz,,,,,,,,,,,,,,,,,,,,,,,,,,,,,,,,,,,,,,,,,,,,,,,,,,,,,,,,,,,,,,,,,,,,,,,,,,,,,,,,,,,,,,,,,,,,,,,,,,,,,,,,,,,,,,,,,,,,,,,,,,,,,,,,,,,,,,,,,,,
Boise Cascade Building Materials-543300276,Boise Cascade Building Materials,543300276,543300276,543300276,Boise Cascade Building Materials 543300276,Industrial & Commercial > General,Boise Cascade Building Materials,,,Boise Cascade Building Materials 543300276 General Component,Length: 96 in; Material: Black Alum; Baluster Shape: Rnd; Product Type: Rail,,,,"Boise Cascade Building Materials, General, 543300276",,,,,,,,,,,,,,,General,,,,,,Active,,,,,,,,,,,,,,,,,,,,,,,,96,in,,,,,,,,,,Black Alum,,,,,,,,,,,,,,,,,,,,,,,,,,,,,,,Length,96,in,Material,Black Alum,,Baluster Shape,Rnd,,Product Type,Rail,,,,,,,,,,,,,,,,,,,,,,,,,,,,,,,,,,,,,,,,,,,,,,,,,,,,,,,,,,,,,,,,,,,,,,,,,,,,,,,,,,,,,,,,,,,,,,,,,,,,,,,,,,,,,,,,,,,,,,,,,,,,,,,,,,,,,,,,,,,
--73045028,-,73045028,73045028,73045028,- 73045028,Industrial & Commercial > General,-,,,- 73045028 General Component,,,,,"-, General, 73045028",,,,,,,,,,,,,,,General,,,,,,Active,,,,,,,,,,,,,,,,,,,,,,,,,,,,,,,,,,,,,,,,,,,,,,,,,,,,,,,,,,,,,,,,,,,,,,,,,,,,,,,,,,,,,,,,,,,,,,,,,,,,,,,,,,,,,,,,,,,,,,,,,,,,,,,,,,,,,,,,,,,,,,,,,,,,,,,,,,,,,,,,,,,,,,,,,,,,,,,,,,,,,,,,,,,,,,,,,,,,,,,,,,,,,,,,,,,,,,,
--73045031,-,73045031,73045031,73045031,- 73045031,Industrial & Commercial > General,-,,,- 73045031 General Component,Material: Black Alum Balusters,,,,"-, General, 73045031",,,,,,,,,,,,,,,General,,,,,,Active,,,,,,,,,,,,,,,,,,,,,,,,,,,,,,,,,,,Black Alum Balusters,,,,,,,,,,,,,,,,,,,,,,,,,,,,,,,Material,Black Alum Balusters,,,,,,,,,,,,,,,,,,,,,,,,,,,,,,,,,,,,,,,,,,,,,,,,,,,,,,,,,,,,,,,,,,,,,,,,,,,,,,,,,,,,,,,,,,,,,,,,,,,,,,,,,,,,,,,,,,,,,,,,,,,,,,,,,,,,,,,,,,,,,,,,,,,,
Boise Cascade Building Materials-543340126,Boise Cascade Building Materials,543340126,543340126,543340126,Boise Cascade Building Materials 543340126,Industrial & Commercial > General,Boise Cascade Building Materials,,,Boise Cascade Building Materials 543340126 General Component,Length: 72 in; Width: 36 in,,,,"Boise Cascade Building Materials, General, 543340126",,,,,,,,,,,,,,,General,,,,,,Active,,,,,,,,,,,,,,,,,,,,,,,,,,,,,,,,,,,,,,,,,,,,,,,,,,,,,,,,,,,,,,,,,,Length,72,in,Width,36,in,,,,,,,,,,,,,,,,,,,,,,,,,,,,,,,,,,,,,,,,,,,,,,,,,,,,,,,,,,,,,,,,,,,,,,,,,,,,,,,,,,,,,,,,,,,,,,,,,,,,,,,,,,,,,,,,,,,,,,,,,,,,,,,,,,,,,,,,,,,,,,,,
Boise Cascade Building Materials-543340127,Boise Cascade Building Materials,543340127,543340127,543340127,Boise Cascade Building Materials 543340127,Industrial & Commercial > General,Boise Cascade Building Materials,,,Boise Cascade Building Materials 543340127 General Component,Dimensions: 6 ftx36 in; Material: Select Alm; Color: Black; Panel Type: Rail Panel; Balance Strip: Sq Bal Str; Assembly Status: Assembled,,,,"Boise Cascade Building Materials, General, 543340127",,,,,,,,,,,,,,,General,,,,,,Active,,,,,,,,,,,,,,,,,,,,,,,,,,,,,,,,,,Black,Select Alm,,,,,,,,,,,,,,,,,,,,,,,,,,,,,,,Dimensions,6 ftx36 in,,Material,Select Alm,,Color,Black,,Panel Type,Rail Panel,,Balance Strip,Sq Bal Str,,Assembly Status,Assembled,,,,,,,,,,,,,,,,,,,,,,,,,,,,,,,,,,,,,,,,,,,,,,,,,,,,,,,,,,,,,,,,,,,,,,,,,,,,,,,,,,,,,,,,,,,,,,,,,,,,,,,,,,,,,,,,,,,,,,,,,,,,,,,,,,,,,
Boise Cascade Building Materials-543340146,Boise Cascade Building Materials,543340146,543340146,543340146,Boise Cascade Building Materials 543340146,Industrial & Commercial > General,Boise Cascade Building Materials,,,Boise Cascade Building Materials 543340146 General Component,Length: 96 in; Width: 36 in,,,,"Boise Cascade Building Materials, General, 543340146",,,,,,,,,,,,,,,General,,,,,,Active,,,,,,,,,,,,,,,,,,,,,,,,,,,,,,,,,,,,,,,,,,,,,,,,,,,,,,,,,,,,,,,,,,Length,96,in,Width,36,in,,,,,,,,,,,,,,,,,,,,,,,,,,,,,,,,,,,,,,,,,,,,,,,,,,,,,,,,,,,,,,,,,,,,,,,,,,,,,,,,,,,,,,,,,,,,,,,,,,,,,,,,,,,,,,,,,,,,,,,,,,,,,,,,,,,,,,,,,,,,,,,,
Boise Cascade Building Materials-543340147,Boise Cascade Building Materials,543340147,543340147,543340147,Boise Cascade Building Materials 543340147,Industrial & Commercial > General,Boise Cascade Building Materials,,,Boise Cascade Building Materials 543340147 General Component,Length: 96 in; Width: 36 in; Material: Select Alm; Color: Black; Assembly Status: Assembled; Panel Type: Rail Panel; Balance Str: Sq Bal Str,,,,"Boise Cascade Building Materials, General, 543340147",,,,,,,,,,,,,,,General,,,,,,Active,,,,,,,,,,,,,,,,,,,,,,,,,,,,,,,,,,Black,Select Alm,,,,,,,,,,,,,,,,,,,,,,,,,,,,,,,Length,96,in,Width,36,in,Material,Select Alm,,Color,Black,,Assembly Status,Assembled,,Panel Type,Rail Panel,,Balance Str,Sq Bal Str,,,,,,,,,,,,,,,,,,,,,,,,,,,,,,,,,,,,,,,,,,,,,,,,,,,,,,,,,,,,,,,,,,,,,,,,,,,,,,,,,,,,,,,,,,,,,,,,,,,,,,,,,,,,,,,,,,,,,,,,,,,,,,,,,,
Parksite-ADB15516CS,Parksite,ADB15516CS,ADB15516CS,ADB15516CS,Parksite ADB15516CS,Industrial & Commercial > General,Parksite,,,Parksite ADB15516CS General Component,Nominal Size: 1x6-16 ft; Length: 192 in; Material: Azek PVC Decking; Style: Coastline Sq Edge,,,,"Parksite, General, ADB15516CS",,,,,,,,,,,,,,,General,,,,,,Active,,,,,,,,,,,,,,,,,,,,,,,,192,in,,,,,,,,,,Azek PVC Decking,,,,,,,,,,,,,,,,,,,,,,,,,,,,,,,Nominal Size,1x6-16 ft,,Length,192,in,Material,Azek PVC Decking,,Style,Coastline Sq Edge,,,,,,,,,,,,,,,,,,,,,,,,,,,,,,,,,,,,,,,,,,,,,,,,,,,,,,,,,,,,,,,,,,,,,,,,,,,,,,,,,,,,,,,,,,,,,,,,,,,,,,,,,,,,,,,,,,,,,,,,,,,,,,,,,,,,,,,,,,,
Parksite-ADB15520CS,Parksite,ADB15520CS,ADB15520CS,ADB15520CS,Parksite ADB15520CS,Industrial & Commercial > General,Parksite,,,Parksite ADB15520CS General Component,Width: 1; Height: 6; Length: 240 in; Edge Type: Coastline Sq Edge; Material: Vintage Azek PVC Decking,,,,"Parksite, General, ADB15520CS",,,,,,,,,,,,,,,General,,,,,,Active,,,,,,,,,,,,,,,,,,,,,,,,,,,,,,,,,,,Vintage Azek PVC Decking,,,,,,,,,,,,,,,,,,,,,,,,,,,,,,,Width,1,,Height,6,,Length,240,in,Edge Type,Coastline Sq Edge,,Material,Vintage Azek PVC Decking,,,,,,,,,,,,,,,,,,,,,,,,,,,,,,,,,,,,,,,,,,,,,,,,,,,,,,,,,,,,,,,,,,,,,,,,,,,,,,,,,,,,,,,,,,,,,,,,,,,,,,,,,,,,,,,,,,,,,,,,,,,,,,,,,,,,,,,,
Parksite-ADB15516EW,Parksite,ADB15516EW,ADB15516EW,ADB15516EW,Parksite ADB15516EW,Industrial & Commercial > General,Parksite,,,Parksite ADB15516EW General Component,Dimension Inches: 1x6; Length: 192 in; Material: English Walnut; Edge: Sq Edge; Decking Type: Vintage Azek PVC Decking,,,,"Parksite, General, ADB15516EW",,,,,,,,,,,,,,,General,,,,,,Active,,,,,,,,,,,,,,,,,,,,,,,,,,,,,,,,,,,English Walnut,,,,,,,,,,,,,,,,,,,,,,,,,,,,,,,Dimension Inches,1x6,,Length,192,in,Material,English Walnut,,Edge,Sq Edge,,Decking Type,Vintage Azek PVC Decking,,,,,,,,,,,,,,,,,,,,,,,,,,,,,,,,,,,,,,,,,,,,,,,,,,,,,,,,,,,,,,,,,,,,,,,,,,,,,,,,,,,,,,,,,,,,,,,,,,,,,,,,,,,,,,,,,,,,,,,,,,,,,,,,,,,,,,,,
Parksite-ADB15520EW,Parksite,ADB15520EW,ADB15520EW,ADB15520EW,Parksite ADB15520EW,Industrial & Commercial > General,Parksite,,,Parksite ADB15520EW General Component,Width: 1; Height: 6; Length: 240 in; Material: English Walnut; Edge Type: Sq Edge; Decking Type: Vintage Azek PVC Decking,,,,"Parksite, General, ADB15520EW",,,,,,,,,,,,,,,General,,,,,,Active,,,,,,,,,,,,,,,,,,,,,,,,,,,,,,,,,,,English Walnut,,,,,,,,,,,,,,,,,,,,,,,,,,,,,,,Width,1,,Height,6,,Length,240,in,Material,English Walnut,,Edge Type,Sq Edge,,Decking Type,Vintage Azek PVC Decking,,,,,,,,,,,,,,,,,,,,,,,,,,,,,,,,,,,,,,,,,,,,,,,,,,,,,,,,,,,,,,,,,,,,,,,,,,,,,,,,,,,,,,,,,,,,,,,,,,,,,,,,,,,,,,,,,,,,,,,,,,,,,,,,,,,,,
Parksite-ADB15516MH,Parksite,ADB15516MH,ADB15516MH,ADB15516MH,Parksite ADB15516MH,Industrial & Commercial > General,Parksite,,,Parksite ADB15516MH General Component,Board Dimensions: 1x6; Length: 192 in; Material: Mahogany; Product Type: Vintage Azek PVC Decking,,,,"Parksite, General, ADB15516MH",,,,,,,,,,,,,,,General,,,,,,Active,,,,,,,,,,,,,,,,,,,,,,,,192,in,,,,,,,,,,Mahogany,,,,,,,,,,,,,,,,,,,,,,,,,,,,,,,Board Dimensions,1x6,,Length,192,in,Material,Mahogany,,Product Type,Vintage Azek PVC Decking,,,,,,,,,,,,,,,,,,,,,,,,,,,,,,,,,,,,,,,,,,,,,,,,,,,,,,,,,,,,,,,,,,,,,,,,,,,,,,,,,,,,,,,,,,,,,,,,,,,,,,,,,,,,,,,,,,,,,,,,,,,,,,,,,,,,,,,,,,,
Parksite-ADB15520MH,Parksite,ADB15520MH,ADB15520MH,ADB15520MH,Parksite ADB15520MH,Industrial & Commercial > General,Parksite,,,Parksite ADB15520MH General Component,Board Nominal Dimensions: 1x6; Board Length: 240 in; Material: Mahogany; Decking Type: Vintage Azek PVC Decking; Edge Type: Sq Edge,,,,"Parksite, General, ADB15520MH",,,,,,,,,,,,,,,General,,,,,,Active,,,,,,,,,,,,,,,,,,,,,,,,,,,,,,,,,,,Mahogany,,,,,,,,,,,,,,,,,,,,,,,,,,,,,,,Board Nominal Dimensions,1x6,,Board Length,240,in,Material,Mahogany,,Decking Type,Vintage Azek PVC Decking,,Edge Type,Sq Edge,,,,,,,,,,,,,,,,,,,,,,,,,,,,,,,,,,,,,,,,,,,,,,,,,,,,,,,,,,,,,,,,,,,,,,,,,,,,,,,,,,,,,,,,,,,,,,,,,,,,,,,,,,,,,,,,,,,,,,,,,,,,,,,,,,,,,,,,
Parksite-ADB15516WT,Parksite,ADB15516WT,ADB15516WT,ADB15516WT,Parksite ADB15516WT,Industrial & Commercial > General,Parksite,,,Parksite ADB15516WT General Component,Nominal Size: 1x6; Board Length: 192 in; Material: Weathered Teak; Decking Type: PVC Decking; Style: Vintage Azek,,,,"Parksite, General, ADB15516WT",,,,,,,,,,,,,,,General,,,,,,Active,,,,,,,,,,,,,,,,,,,,,,,,,,,,,,,,,,,Weathered Teak,,,,,,,,,,,,,,,,,,,,,,,,,,,,,,,Nominal Size,1x6,,Board Length,192,in,Material,Weathered Teak,,Decking Type,PVC Decking,,Style,Vintage Azek,,,,,,,,,,,,,,,,,,,,,,,,,,,,,,,,,,,,,,,,,,,,,,,,,,,,,,,,,,,,,,,,,,,,,,,,,,,,,,,,,,,,,,,,,,,,,,,,,,,,,,,,,,,,,,,,,,,,,,,,,,,,,,,,,,,,,,,,
Parksite-ADB15520WT,Parksite,ADB15520WT,ADB15520WT,ADB15520WT,Parksite ADB15520WT,Industrial & Commercial > General,Parksite,,,Parksite ADB15520WT General Component,Nominal Width: 1; Nominal Depth: 6; Length: 240 in; Primary Material: Weathered Teak; Secondary Material: PVC; Edge Type: Sq Edge; Product Type: Decking,,,,"Parksite, General, ADB15520WT",,,,,,,,,,,,,,,General,,,,,,Active,,,,,,,,,,,,,,,,,,,,,,,,240,in,,,,,,,,,,,,,,,,,,,,,,,,,,,,,,,,,,,,,,,,,Nominal Width,1,,Nominal Depth,6,,Length,240,in,Primary Material,Weathered Teak,,Secondary Material,PVC,,Edge Type,Sq Edge,,Product Type,Decking,,,,,,,,,,,,,,,,,,,,,,,,,,,,,,,,,,,,,,,,,,,,,,,,,,,,,,,,,,,,,,,,,,,,,,,,,,,,,,,,,,,,,,,,,,,,,,,,,,,,,,,,,,,,,,,,,,,,,,,,,,,,,,,,,,
Parksite-AGB15512CS,Parksite,AGB15512CS,AGB15512CS,AGB15512CS,Parksite AGB15512CS,Industrial & Commercial > General,Parksite,,,Parksite AGB15512CS General Component,Width: 6; Thickness: 1; Length: 144 in; Material: Azek PVC,,,,"Parksite, General, AGB15512CS",,,,,,,,,,,,,,,General,,,,,,Active,,,,,,,,,,,,,,,,,,,,,,,,144,in,6,in,,,,,,,,Azek PVC,,,,,,,,,,,,,,,,,,,,,,,,,,,,,,,Width,6,,Thickness,1,,Length,144,in,Material,Azek PVC,,,,,,,,,,,,,,,,,,,,,,,,,,,,,,,,,,,,,,,,,,,,,,,,,,,,,,,,,,,,,,,,,,,,,,,,,,,,,,,,,,,,,,,,,,,,,,,,,,,,,,,,,,,,,,,,,,,,,,,,,,,,,,,,,,,,,,,,,,,
Parksite-AGB15516CS,Parksite,AGB15516CS,AGB15516CS,AGB15516CS,Parksite AGB15516CS,Industrial & Commercial > General,Parksite,,,Parksite AGB15516CS General Component,Dimension: 1x6; Length: 192 in; Material: PVC; Finish: Vintage; Style: Coastline Grooved; Product Type: Decking; Brand: Azek,,,,"Parksite, General, AGB15516CS",,,,,,,,,,,,,,,General,,,,,,Active,,,,,,,,,,,,,,,,,,,,,,,,192,in,,,,,,,,,,PVC,Vintage,,,,,,,,,,,,,,,,,,,,,,,,,,,,,,Dimension,1x6,,Length,192,in,Material,PVC,,Finish,Vintage,,Style,Coastline Grooved,,Product Type,Decking,,Brand,Azek,,,,,,,,,,,,,,,,,,,,,,,,,,,,,,,,,,,,,,,,,,,,,,,,,,,,,,,,,,,,,,,,,,,,,,,,,,,,,,,,,,,,,,,,,,,,,,,,,,,,,,,,,,,,,,,,,,,,,,,,,,,,,,,,,,
Parksite-AGB15520CS,Parksite,AGB15520CS,AGB15520CS,AGB15520CS,Parksite AGB15520CS,Industrial & Commercial > General,Parksite,,,Parksite AGB15520CS General Component,Dimension: 1x6; Length: 240 in; Material: Azek PVC,,,,"Parksite, General, AGB15520CS",,,,,,,,,,,,,,,General,,,,,,Active,,,,,,,,,,,,,,,,,,,,,,,,240,in,,,,,,,,,,Azek PVC,,,,,,,,,,,,,,,,,,,,,,,,,,,,,,,Dimension,1x6,,Length,240,in,Material,Azek PVC,,,,,,,,,,,,,,,,,,,,,,,,,,,,,,,,,,,,,,,,,,,,,,,,,,,,,,,,,,,,,,,,,,,,,,,,,,,,,,,,,,,,,,,,,,,,,,,,,,,,,,,,,,,,,,,,,,,,,,,,,,,,,,,,,,,,,,,,,,,,,,
Parksite-AGB15512EW,Parksite,AGB15512EW,AGB15512EW,AGB15512EW,Parksite AGB15512EW,Industrial & Commercial > General,Parksite,,,Parksite AGB15512EW General Component,Board Width: 1; Board Height: 6; Board Length: 144 in; Material: English Walnut; Finish: Grooved; Decking Type: Vintage Azek PVC Decking,,,,"Parksite, General, AGB15512EW",,,,,,,,,,,,,,,General,,,,,,Active,,,,,,,,,,,,,,,,,,,,,,,,,,,,,,,,,,,English Walnut,Grooved,,,,,,,,,,,,,,,,,,,,,,,,,,,,,,Board Width,1,,Board Height,6,,Board Length,144,in,Material,English Walnut,,Finish,Grooved,,Decking Type,Vintage Azek PVC Decking,,,,,,,,,,,,,,,,,,,,,,,,,,,,,,,,,,,,,,,,,,,,,,,,,,,,,,,,,,,,,,,,,,,,,,,,,,,,,,,,,,,,,,,,,,,,,,,,,,,,,,,,,,,,,,,,,,,,,,,,,,,,,,,,,,,,,
Parksite-AGB15516EW,Parksite,AGB15516EW,AGB15516EW,AGB15516EW,Parksite AGB15516EW,Industrial & Commercial > General,Parksite,,,Parksite AGB15516EW General Component,Width Inch: 1; Height Inch: 6; Length: 192 in; Primary Material: English Walnut; Secondary Material: PVC; Feature: Grooved; Product Type: Decking; Style: Vintage Azek,,,,"Parksite, General, AGB15516EW",,,,,,,,,,,,,,,General,,,,,,Active,,,,,,,,,,,,,,,,,,,,,,,,,,,,,,,,,,,,,,,,,,,,,,,,,,,,,,,,,,,,,,,,,,Width Inch,1,,Height Inch,6,,Length,192,in,Primary Material,English Walnut,,Secondary Material,PVC,,Feature,Grooved,,Product Type,Decking,,Style,Vintage Azek,,,,,,,,,,,,,,,,,,,,,,,,,,,,,,,,,,,,,,,,,,,,,,,,,,,,,,,,,,,,,,,,,,,,,,,,,,,,,,,,,,,,,,,,,,,,,,,,,,,,,,,,,,,,,,,,,,,,,,,,,,,,,,,
Parksite-AGB15520EW,Parksite,AGB15520EW,AGB15520EW,AGB15520EW,Parksite AGB15520EW,Industrial & Commercial > General,Parksite,,,Parksite AGB15520EW General Component,Nominal Size: 1x6; Length: 240 in; Material: English Walnut; Deck Type: Vintage Azek PVC Decking; Feature: grooved,,,,"Parksite, General, AGB15520EW",,,,,,,,,,,,,,,General,,,,,,Active,,,,,,,,,,,,,,,,,,,,,,,,,,,,,,,,,,,English Walnut,,,,,,,,,,,,,,,,,,,,,,,,,,,,,,,Nominal Size,1x6,,Length,240,in,Material,English Walnut,,Deck Type,Vintage Azek PVC Decking,,Feature,grooved,,,,,,,,,,,,,,,,,,,,,,,,,,,,,,,,,,,,,,,,,,,,,,,,,,,,,,,,,,,,,,,,,,,,,,,,,,,,,,,,,,,,,,,,,,,,,,,,,,,,,,,,,,,,,,,,,,,,,,,,,,,,,,,,,,,,,,,,
Parksite-AGB15512MH,Parksite,AGB15512MH,AGB15512MH,AGB15512MH,Parksite AGB15512MH,Industrial & Commercial > General,Parksite,,,Parksite AGB15512MH General Component,Board Width: 1x6; Board Length: 144 in; Material: Mahogany; Decking Material: Azek PVC,,,,"Parksite, General, AGB15512MH",,,,,,,,,,,,,,,General,,,,,,Active,,,,,,,,,,,,,,,,,,,,,,,,,,,,,,,,,,,Mahogany,,,,,,,,,,,,,,,,,,,,,,,,,,,,,,,Board Width,1x6,,Board Length,144,in,Material,Mahogany,,Decking Material,Azek PVC,,,,,,,,,,,,,,,,,,,,,,,,,,,,,,,,,,,,,,,,,,,,,,,,,,,,,,,,,,,,,,,,,,,,,,,,,,,,,,,,,,,,,,,,,,,,,,,,,,,,,,,,,,,,,,,,,,,,,,,,,,,,,,,,,,,,,,,,,,,
Parksite-AGB15516MH,Parksite,AGB15516MH,AGB15516MH,AGB15516MH,Parksite AGB15516MH,Industrial & Commercial > General,Parksite,,,Parksite AGB15516MH General Component,Nominal Thickness: 1; Nominal Width: 6; Length: 192 in; Material: Mahogany Grooved,,,,"Parksite, General, AGB15516MH",,,,,,,,,,,,,,,General,,,,,,Active,,,,,,,,,,,,,,,,,,,,,,,,,,,,,,,,,,,Mahogany Grooved,,,,,,,,,,,,,,,,,,,,,,,,,,,,,,,Nominal Thickness,1,,Nominal Width,6,,Length,192,in,Material,Mahogany Grooved,,,,,,,,,,,,,,,,,,,,,,,,,,,,,,,,,,,,,,,,,,,,,,,,,,,,,,,,,,,,,,,,,,,,,,,,,,,,,,,,,,,,,,,,,,,,,,,,,,,,,,,,,,,,,,,,,,,,,,,,,,,,,,,,,,,,,,,,,,,
Parksite-AGB15520MH,Parksite,AGB15520MH,AGB15520MH,AGB15520MH,Parksite AGB15520MH,Industrial & Commercial > General,Parksite,,,Parksite AGB15520MH General Component,"Nominal Dimensions: 1x6; Length: 240 in; Material: Mahogany, PVC",,,,"Parksite, General, AGB15520MH",,,,,,,,,,,,,,,General,,,,,,Active,,,,,,,,,,,,,,,,,,,,,,,,240,in,,,,,,,,,,"Mahogany, PVC",,,,,,,,,,,,,,,,,,,,,,,,,,,,,,,Nominal Dimensions,1x6,,Length,240,in,Material,"Mahogany, PVC",,,,,,,,,,,,,,,,,,,,,,,,,,,,,,,,,,,,,,,,,,,,,,,,,,,,,,,,,,,,,,,,,,,,,,,,,,,,,,,,,,,,,,,,,,,,,,,,,,,,,,,,,,,,,,,,,,,,,,,,,,,,,,,,,,,,,,,,,,,,,,
Parksite-AGB15512WT,Parksite,AGB15512WT,AGB15512WT,AGB15512WT,Parksite AGB15512WT,Industrial & Commercial > General,Parksite,,,Parksite AGB15512WT General Component,Dimensions: 1x6-12 ft; Material 1: Weathered Teak Grooved; Material 2: Vintage Azek PVC Decking,,,,"Parksite, General, AGB15512WT",,,,,,,,,,,,,,,General,,,,,,Active,,,,,,,,,,,,,,,,,,,,,,,,,,,,,,,,,,,,,,,,,,,,,,,,,,,,,,,,,,,,,,,,,,Dimensions,1x6-12 ft,,Material 1,Weathered Teak Grooved,,Material 2,Vintage Azek PVC Decking,,,,,,,,,,,,,,,,,,,,,,,,,,,,,,,,,,,,,,,,,,,,,,,,,,,,,,,,,,,,,,,,,,,,,,,,,,,,,,,,,,,,,,,,,,,,,,,,,,,,,,,,,,,,,,,,,,,,,,,,,,,,,,,,,,,,,,,,,,,,,,
Parksite-AGB15516WT,Parksite,AGB15516WT,AGB15516WT,AGB15516WT,Parksite AGB15516WT,Industrial & Commercial > General,Parksite,,,Parksite AGB15516WT General Component,Nominal Width: 1; Nominal Height: 6; Length: 192 in,,,,"Parksite, General, AGB15516WT",,,,,,,,,,,,,,,General,,,,,,Active,,,,,,,,,,,,,,,,,,,,,,,,,,,,,,,,,,,,,,,,,,,,,,,,,,,,,,,,,,,,,,,,,,Nominal Width,1,,Nominal Height,6,,Length,192,in,,,,,,,,,,,,,,,,,,,,,,,,,,,,,,,,,,,,,,,,,,,,,,,,,,,,,,,,,,,,,,,,,,,,,,,,,,,,,,,,,,,,,,,,,,,,,,,,,,,,,,,,,,,,,,,,,,,,,,,,,,,,,,,,,,,,,,,,,,,,,
Parksite-AGB15520WT,Parksite,AGB15520WT,AGB15520WT,AGB15520WT,Parksite AGB15520WT,Industrial & Commercial > General,Parksite,,,Parksite AGB15520WT General Component,Nominal Width: 1; Nominal Thickness: 6; Length: 20; Material 1: Weathered Teak Grooved; Material 2: Vintage Azek PVC Decking,,,,"Parksite, General, AGB15520WT",,,,,,,,,,,,,,,General,,,,,,Active,,,,,,,,,,,,,,,,,,,,,,,,,,,,,,,,,,,,,,,,,,,,,,,,,,,,,,,,,,,,,,,,,,Nominal Width,1,,Nominal Thickness,6,,Length,20,,Material 1,Weathered Teak Grooved,,Material 2,Vintage Azek PVC Decking,,,,,,,,,,,,,,,,,,,,,,,,,,,,,,,,,,,,,,,,,,,,,,,,,,,,,,,,,,,,,,,,,,,,,,,,,,,,,,,,,,,,,,,,,,,,,,,,,,,,,,,,,,,,,,,,,,,,,,,,,,,,,,,,,,,,,,,,
Parksite-ADB15516AW,Parksite,ADB15516AW,ADB15516AW,ADB15516AW,Parksite ADB15516AW,Industrial & Commercial > General,Parksite,,,Parksite ADB15516AW General Component,Size: 1x6-16 ft; Material: American Walnut; Edge Type: Sq Edg,,,,"Parksite, General, ADB15516AW",,,,,,,,,,,,,,,General,,,,,,Active,,,,,,,,,,,,,,,,,,,,,,,,,,,,,,,,,,,American Walnut,,,,,,,,,,,,,,,,,,,,,,,,,,,,,,,Size,1x6-16 ft,,Material,American Walnut,,Edge Type,Sq Edg,,,,,,,,,,,,,,,,,,,,,,,,,,,,,,,,,,,,,,,,,,,,,,,,,,,,,,,,,,,,,,,,,,,,,,,,,,,,,,,,,,,,,,,,,,,,,,,,,,,,,,,,,,,,,,,,,,,,,,,,,,,,,,,,,,,,,,,,,,,,,,
Parksite-ADB15520AW,Parksite,ADB15520AW,ADB15520AW,ADB15520AW,Parksite ADB15520AW,Industrial & Commercial > General,Parksite,,,Parksite ADB15520AW General Component,Board Thickness Inch: 1; Board Width Inch: 6; Board Length: 240 in; Material: Azek PVC; Edge Type: Sq Edg; Color: American Walnut,,,,"Parksite, General, ADB15520AW",,,,,,,,,,,,,,,General,,,,,,Active,,,,,,,,,,,,,,,,,,,,,,,,,,,,,,,,,,American Walnut,Azek PVC,,,,,,,,,,,,,,,,,,,,,,,,,,,,,,,Board Thickness Inch,1,,Board Width Inch,6,,Board Length,240,in,Material,Azek PVC,,Edge Type,Sq Edg,,Color,American Walnut,,,,,,,,,,,,,,,,,,,,,,,,,,,,,,,,,,,,,,,,,,,,,,,,,,,,,,,,,,,,,,,,,,,,,,,,,,,,,,,,,,,,,,,,,,,,,,,,,,,,,,,,,,,,,,,,,,,,,,,,,,,,,,,,,,,,,
Parksite-ADB15516CG,Parksite,ADB15516CG,ADB15516CG,ADB15516CG,Parksite ADB15516CG,Industrial & Commercial > General,Parksite,,,Parksite ADB15516CG General Component,Nominal Width: 1; Nominal Height: 6; Length: 192 in; Material: PVC,,,,"Parksite, General, ADB15516CG",,,,,,,,,,,,,,,General,,,,,,Active,,,,,,,,,,,,,,,,,,,,,,,,192,in,,,,,,,,,,PVC,,,,,,,,,,,,,,,,,,,,,,,,,,,,,,,Nominal Width,1,,Nominal Height,6,,Length,192,in,Material,PVC,,,,,,,,,,,,,,,,,,,,,,,,,,,,,,,,,,,,,,,,,,,,,,,,,,,,,,,,,,,,,,,,,,,,,,,,,,,,,,,,,,,,,,,,,,,,,,,,,,,,,,,,,,,,,,,,,,,,,,,,,,,,,,,,,,,,,,,,,,,
Parksite-ADB15520CG,Parksite,ADB15520CG,ADB15520CG,ADB15520CG,Parksite ADB15520CG,Industrial & Commercial > General,Parksite,,,Parksite ADB15520CG General Component,Nominal Size: 1x6; Length: 240 in; Material: Azek PVC; Edge Type: Sq Edge,,,,"Parksite, General, ADB15520CG",,,,,,,,,,,,,,,General,,,,,,Active,,,,,,,,,,,,,,,,,,,,,,,,240,in,,,,,,,,,,Azek PVC,,,,,,,,,,,,,,,,,,,,,,,,,,,,,,,Nominal Size,1x6,,Length,240,in,Material,Azek PVC,,Edge Type,Sq Edge,,,,,,,,,,,,,,,,,,,,,,,,,,,,,,,,,,,,,,,,,,,,,,,,,,,,,,,,,,,,,,,,,,,,,,,,,,,,,,,,,,,,,,,,,,,,,,,,,,,,,,,,,,,,,,,,,,,,,,,,,,,,,,,,,,,,,,,,,,,
Parksite-ADB15516FW,Parksite,ADB15516FW,ADB15516FW,ADB15516FW,Parksite ADB15516FW,Industrial & Commercial > General,Parksite,,,Parksite ADB15516FW General Component,Width: 1; Depth: 6; Length: 192 in; Material: French White Oak; Edge Type: Sq Ed; Decking Type: PVC,,,,"Parksite, General, ADB15516FW",,,,,,,,,,,,,,,General,,,,,,Active,,,,,,,,,,,,,,,,,,,,,,,,192,in,1,in,,,,,,,,French White Oak,,,,,,,,,,,,,,,,,,,,,,,,,,,,,,,Width,1,,Depth,6,,Length,192,in,Material,French White Oak,,Edge Type,Sq Ed,,Decking Type,PVC,,,,,,,,,,,,,,,,,,,,,,,,,,,,,,,,,,,,,,,,,,,,,,,,,,,,,,,,,,,,,,,,,,,,,,,,,,,,,,,,,,,,,,,,,,,,,,,,,,,,,,,,,,,,,,,,,,,,,,,,,,,,,,,,,,,,,
Parksite-ADB15520FW,Parksite,ADB15520FW,ADB15520FW,ADB15520FW,Parksite ADB15520FW,Industrial & Commercial > General,Parksite,,,Parksite ADB15520FW General Component,Width: 1x6; Length: 240 in; Material: French White Oak; Finish: Sq Ed; Decking Type: PVC Decking,,,,"Parksite, General, ADB15520FW",,,,,,,,,,,,,,,General,,,,,,Active,,,,,,,,,,,,,,,,,,,,,,,,240,in,1x6,in,,,,,,,,French White Oak,Sq Ed,,,,,,,,,,,,,,,,,,,,,,,,,,,,,,Width,1x6,,Length,240,in,Material,French White Oak,,Finish,Sq Ed,,Decking Type,PVC Decking,,,,,,,,,,,,,,,,,,,,,,,,,,,,,,,,,,,,,,,,,,,,,,,,,,,,,,,,,,,,,,,,,,,,,,,,,,,,,,,,,,,,,,,,,,,,,,,,,,,,,,,,,,,,,,,,,,,,,,,,,,,,,,,,,,,,,,,,
Parksite-AGB15512AW,Parksite,AGB15512AW,AGB15512AW,AGB15512AW,Parksite AGB15512AW,Industrial & Commercial > General,Parksite,,,Parksite AGB15512AW General Component,Dimension: 1x6; Length: 144 in; Material: American Walnut,,,,"Parksite, General, AGB15512AW",,,,,,,,,,,,,,,General,,,,,,Active,,,,,,,,,,,,,,,,,,,,,,,,144,in,,,,,,,,,,American Walnut,,,,,,,,,,,,,,,,,,,,,,,,,,,,,,,Dimension,1x6,,Length,144,in,Material,American Walnut,,,,,,,,,,,,,,,,,,,,,,,,,,,,,,,,,,,,,,,,,,,,,,,,,,,,,,,,,,,,,,,,,,,,,,,,,,,,,,,,,,,,,,,,,,,,,,,,,,,,,,,,,,,,,,,,,,,,,,,,,,,,,,,,,,,,,,,,,,,,,,
Parksite-AGB15516AW,Parksite,AGB15516AW,AGB15516AW,AGB15516AW,Parksite AGB15516AW,Industrial & Commercial > General,Parksite,,,Parksite AGB15516AW General Component,Nominal Thickness: 1; Nominal Width: 6; Length: 192 in,,,,"Parksite, General, AGB15516AW",,,,,,,,,,,,,,,General,,,,,,Active,,,,,,,,,,,,,,,,,,,,,,,,192,in,,,,,,,,,,,,,,,,,,,,,,,,,,,,,,,,,,,,,,,,,Nominal Thickness,1,,Nominal Width,6,,Length,192,in,,,,,,,,,,,,,,,,,,,,,,,,,,,,,,,,,,,,,,,,,,,,,,,,,,,,,,,,,,,,,,,,,,,,,,,,,,,,,,,,,,,,,,,,,,,,,,,,,,,,,,,,,,,,,,,,,,,,,,,,,,,,,,,,,,,,,,,,,,,,,
Parksite-AGB15520AW,Parksite,AGB15520AW,AGB15520AW,AGB15520AW,Parksite AGB15520AW,Industrial & Commercial > General,Parksite,,,Parksite AGB15520AW General Component,Nominal Width Inch: 1; Nominal Height Inch: 6; Length: 240 in,,,,"Parksite, General, AGB15520AW",,,,,,,,,,,,,,,General,,,,,,Active,,,,,,,,,,,,,,,,,,,,,,,,,,,,,,,,,,,,,,,,,,,,,,,,,,,,,,,,,,,,,,,,,,Nominal Width Inch,1,,Nominal Height Inch,6,,Length,240,in,,,,,,,,,,,,,,,,,,,,,,,,,,,,,,,,,,,,,,,,,,,,,,,,,,,,,,,,,,,,,,,,,,,,,,,,,,,,,,,,,,,,,,,,,,,,,,,,,,,,,,,,,,,,,,,,,,,,,,,,,,,,,,,,,,,,,,,,,,,,,
Parksite-AGB15512CG,Parksite,AGB15512CG,AGB15512CG,AGB15512CG,Parksite AGB15512CG,Industrial & Commercial > General,Parksite,,,Parksite AGB15512CG General Component,Material: PVC; Deck Style: grooved; Width: 1; Height: 6; Length: 144 in,,,,"Parksite, General, AGB15512CG",,,,,,,,,,,,,,,General,,,,,,Active,,,,,,,,,,,,,,,,,,,,,,,,,,,,,,,,,,,PVC,,,,,,,,,,,,,,,,,,,,,,,,,,,,,,,Material,PVC,,Deck Style,grooved,,Width,1,,Height,6,,Length,144,in,,,,,,,,,,,,,,,,,,,,,,,,,,,,,,,,,,,,,,,,,,,,,,,,,,,,,,,,,,,,,,,,,,,,,,,,,,,,,,,,,,,,,,,,,,,,,,,,,,,,,,,,,,,,,,,,,,,,,,,,,,,,,,,,,,,,,,,
Parksite-AGB15516CG,Parksite,AGB15516CG,AGB15516CG,AGB15516CG,Parksite AGB15516CG,Industrial & Commercial > General,Parksite,,,Parksite AGB15516CG General Component,Width: 1; Height: 6; Length: 192 in; Material: PVC,,,,"Parksite, General, AGB15516CG",,,,,,,,,,,,,,,General,,,,,,Active,,,,,,,,,,,,,,,,,,,,,,,,,,,,,,,,,,,PVC,,,,,,,,,,,,,,,,,,,,,,,,,,,,,,,Width,1,,Height,6,,Length,192,in,Material,PVC,,,,,,,,,,,,,,,,,,,,,,,,,,,,,,,,,,,,,,,,,,,,,,,,,,,,,,,,,,,,,,,,,,,,,,,,,,,,,,,,,,,,,,,,,,,,,,,,,,,,,,,,,,,,,,,,,,,,,,,,,,,,,,,,,,,,,,,,,,,
Parksite-AGB15520CG,Parksite,AGB15520CG,AGB15520CG,AGB15520CG,Parksite AGB15520CG,Industrial & Commercial > General,Parksite,,,Parksite AGB15520CG General Component,Board Width: 1x6; Board Length: 240 in; Material: PVC,,,,"Parksite, General, AGB15520CG",,,,,,,,,,,,,,,General,,,,,,Active,,,,,,,,,,,,,,,,,,,,,,,,,,,,,,,,,,,PVC,,,,,,,,,,,,,,,,,,,,,,,,,,,,,,,Board Width,1x6,,Board Length,240,in,Material,PVC,,,,,,,,,,,,,,,,,,,,,,,,,,,,,,,,,,,,,,,,,,,,,,,,,,,,,,,,,,,,,,,,,,,,,,,,,,,,,,,,,,,,,,,,,,,,,,,,,,,,,,,,,,,,,,,,,,,,,,,,,,,,,,,,,,,,,,,,,,,,,,
Parksite-AGB15512FW,Parksite,AGB15512FW,AGB15512FW,AGB15512FW,Parksite AGB15512FW,Industrial & Commercial > General,Parksite,,,Parksite AGB15512FW General Component,Nominal Size: 1x6; Length: 144 in; Material: French White Oak; Decking Type: PVC Decking,,,,"Parksite, General, AGB15512FW",,,,,,,,,,,,,,,General,,,,,,Active,,,,,,,,,,,,,,,,,,,,,,,,144,in,,,,,,,,,,French White Oak,,,,,,,,,,,,,,,,,,,,,,,,,,,,,,,Nominal Size,1x6,,Length,144,in,Material,French White Oak,,Decking Type,PVC Decking,,,,,,,,,,,,,,,,,,,,,,,,,,,,,,,,,,,,,,,,,,,,,,,,,,,,,,,,,,,,,,,,,,,,,,,,,,,,,,,,,,,,,,,,,,,,,,,,,,,,,,,,,,,,,,,,,,,,,,,,,,,,,,,,,,,,,,,,,,,
Parksite-AGB15516FW,Parksite,AGB15516FW,AGB15516FW,AGB15516FW,Parksite AGB15516FW,Industrial & Commercial > General,Parksite,,,Parksite AGB15516FW General Component,Nominal Width: 1; Nominal Height: 6; Length: 192 in,,,,"Parksite, General, AGB15516FW",,,,,,,,,,,,,,,General,,,,,,Active,,,,,,,,,,,,,,,,,,,,,,,,,,,,,,,,,,,,,,,,,,,,,,,,,,,,,,,,,,,,,,,,,,Nominal Width,1,,Nominal Height,6,,Length,192,in,,,,,,,,,,,,,,,,,,,,,,,,,,,,,,,,,,,,,,,,,,,,,,,,,,,,,,,,,,,,,,,,,,,,,,,,,,,,,,,,,,,,,,,,,,,,,,,,,,,,,,,,,,,,,,,,,,,,,,,,,,,,,,,,,,,,,,,,,,,,,
Parksite-AGB15520FW,Parksite,AGB15520FW,AGB15520FW,AGB15520FW,Parksite AGB15520FW,Industrial & Commercial > General,Parksite,,,Parksite AGB15520FW General Component,Nominal Size: 1x6; Length: 240 in; Material: PVC,,,,"Parksite, General, AGB15520FW",,,,,,,,,,,,,,,General,,,,,,Active,,,,,,,,,,,,,,,,,,,,,,,,240,in,,,,,,,,,,PVC,,,,,,,,,,,,,,,,,,,,,,,,,,,,,,,Nominal Size,1x6,,Length,240,in,Material,PVC,,,,,,,,,,,,,,,,,,,,,,,,,,,,,,,,,,,,,,,,,,,,,,,,,,,,,,,,,,,,,,,,,,,,,,,,,,,,,,,,,,,,,,,,,,,,,,,,,,,,,,,,,,,,,,,,,,,,,,,,,,,,,,,,,,,,,,,,,,,,,,
Parksite-ADCB15516BS,Parksite,ADCB15516BS,ADCB15516BS,ADCB15516BS,Parksite ADCB15516BS,Industrial & Commercial > General,Parksite,,,Parksite ADCB15516BS General Component,Width: 1; Height: 6; Length: 16; Material: PVC; Finish: Brownstone Sq Edge; Product Type: Decking,,,,"Parksite, General, ADCB15516BS",,,,,,,,,,,,,,,General,,,,,,Active,,,,,,,,,,,,,,,,,,,,,,,,,,,,,,,,,,,PVC,Brownstone Sq Edge,,,,,,,,,,,,,,,,,,,,,,,,,,,,,,Width,1,,Height,6,,Length,16,,Material,PVC,,Finish,Brownstone Sq Edge,,Product Type,Decking,,,,,,,,,,,,,,,,,,,,,,,,,,,,,,,,,,,,,,,,,,,,,,,,,,,,,,,,,,,,,,,,,,,,,,,,,,,,,,,,,,,,,,,,,,,,,,,,,,,,,,,,,,,,,,,,,,,,,,,,,,,,,,,,,,,,,
Parksite-ADCB15520BS,Parksite,ADCB15520BS,ADCB15520BS,ADCB15520BS,Parksite ADCB15520BS,Industrial & Commercial > General,Parksite,,,Parksite ADCB15520BS General Component,Dimension: 1x6; Length: 240 in; Material: PVC,,,,"Parksite, General, ADCB15520BS",,,,,,,,,,,,,,,General,,,,,,Active,,,,,,,,,,,,,,,,,,,,,,,,240,in,,,,,,,,,,PVC,,,,,,,,,,,,,,,,,,,,,,,,,,,,,,,Dimension,1x6,,Length,240,in,Material,PVC,,,,,,,,,,,,,,,,,,,,,,,,,,,,,,,,,,,,,,,,,,,,,,,,,,,,,,,,,,,,,,,,,,,,,,,,,,,,,,,,,,,,,,,,,,,,,,,,,,,,,,,,,,,,,,,,,,,,,,,,,,,,,,,,,,,,,,,,,,,,,,
Parksite-ADCB15516SG,Parksite,ADCB15516SG,ADCB15516SG,ADCB15516SG,Parksite ADCB15516SG,Industrial & Commercial > General,Parksite,,,Parksite ADCB15516SG General Component,Nominal Width: 1; Nominal Height: 6; Length: 192 in; Material: PVC,,,,"Parksite, General, ADCB15516SG",,,,,,,,,,,,,,,General,,,,,,Active,,,,,,,,,,,,,,,,,,,,,,,,,,,,,,,,,,,PVC,,,,,,,,,,,,,,,,,,,,,,,,,,,,,,,Nominal Width,1,,Nominal Height,6,,Length,192,in,Material,PVC,,,,,,,,,,,,,,,,,,,,,,,,,,,,,,,,,,,,,,,,,,,,,,,,,,,,,,,,,,,,,,,,,,,,,,,,,,,,,,,,,,,,,,,,,,,,,,,,,,,,,,,,,,,,,,,,,,,,,,,,,,,,,,,,,,,,,,,,,,,
Parksite-ADCB15520SG,Parksite,ADCB15520SG,ADCB15520SG,ADCB15520SG,Parksite ADCB15520SG,Industrial & Commercial > General,Parksite,,,Parksite ADCB15520SG General Component,Nominal Thickness: 1; Nominal Width: 6; Length: 240 in; Material: PVC; Color: Slate Gray; Edge Type: Sq Edge,,,,"Parksite, General, ADCB15520SG",,,,,,,,,,,,,,,General,,,,,,Active,,,,,,,,,,,,,,,,,,,,,,,,,,,,,,,,,,Slate Gray,PVC,,,,,,,,,,,,,,,,,,,,,,,,,,,,,,,Nominal Thickness,1,,Nominal Width,6,,Length,240,in,Material,PVC,,Color,Slate Gray,,Edge Type,Sq Edge,,,,,,,,,,,,,,,,,,,,,,,,,,,,,,,,,,,,,,,,,,,,,,,,,,,,,,,,,,,,,,,,,,,,,,,,,,,,,,,,,,,,,,,,,,,,,,,,,,,,,,,,,,,,,,,,,,,,,,,,,,,,,,,,,,,,,
Parksite-AGB15512BS,Parksite,AGB15512BS,AGB15512BS,AGB15512BS,Parksite AGB15512BS,Industrial & Commercial > General,Parksite,,,Parksite AGB15512BS General Component,Thickness: 1x6; Width: 1x6; Length: 144 in; Material: PVC,,,,"Parksite, General, AGB15512BS",,,,,,,,,,,,,,,General,,,,,,Active,,,,,,,,,,,,,,,,,,,,,,,,,,,,,,,,,,,PVC,,,,,,,,,,,,,,,,,,,,,,,,,,,,,,,Thickness,1x6,,Width,1x6,,Length,144,in,Material,PVC,,,,,,,,,,,,,,,,,,,,,,,,,,,,,,,,,,,,,,,,,,,,,,,,,,,,,,,,,,,,,,,,,,,,,,,,,,,,,,,,,,,,,,,,,,,,,,,,,,,,,,,,,,,,,,,,,,,,,,,,,,,,,,,,,,,,,,,,,,,
Parksite-AGB15516BS,Parksite,AGB15516BS,AGB15516BS,AGB15516BS,Parksite AGB15516BS,Industrial & Commercial > General,Parksite,,,Parksite AGB15516BS General Component,Nominal Thickness: 1; Nominal Width: 6; Length: 192 in; Material: PVC,,,,"Parksite, General, AGB15516BS",,,,,,,,,,,,,,,General,,,,,,Active,,,,,,,,,,,,,,,,,,,,,,,,192,in,,,,,,,,,,PVC,,,,,,,,,,,,,,,,,,,,,,,,,,,,,,,Nominal Thickness,1,,Nominal Width,6,,Length,192,in,Material,PVC,,,,,,,,,,,,,,,,,,,,,,,,,,,,,,,,,,,,,,,,,,,,,,,,,,,,,,,,,,,,,,,,,,,,,,,,,,,,,,,,,,,,,,,,,,,,,,,,,,,,,,,,,,,,,,,,,,,,,,,,,,,,,,,,,,,,,,,,,,,
Parksite-AGB15520BS,Parksite,AGB15520BS,AGB15520BS,AGB15520BS,Parksite AGB15520BS,Industrial & Commercial > General,Parksite,,,Parksite AGB15520BS General Component,Nominal Width: 1; Nominal Height: 6; Length: 240 in; Material: Harvest Azek PVC Decking; Finish: Brownstone Grooved,,,,"Parksite, General, AGB15520BS",,,,,,,,,,,,,,,General,,,,,,Active,,,,,,,,,,,,,,,,,,,,,,,,240,in,,,,,,,,,,Harvest Azek PVC Decking,Brownstone Grooved,,,,,,,,,,,,,,,,,,,,,,,,,,,,,,Nominal Width,1,,Nominal Height,6,,Length,240,in,Material,Harvest Azek PVC Decking,,Finish,Brownstone Grooved,,,,,,,,,,,,,,,,,,,,,,,,,,,,,,,,,,,,,,,,,,,,,,,,,,,,,,,,,,,,,,,,,,,,,,,,,,,,,,,,,,,,,,,,,,,,,,,,,,,,,,,,,,,,,,,,,,,,,,,,,,,,,,,,,,,,,,,,
Parksite-AGB15512SG,Parksite,AGB15512SG,AGB15512SG,AGB15512SG,Parksite AGB15512SG,Industrial & Commercial > General,Parksite,,,Parksite AGB15512SG General Component,Board Width: 1x6; Board Length: 144 in; Material: PVC,,,,"Parksite, General, AGB15512SG",,,,,,,,,,,,,,,General,,,,,,Active,,,,,,,,,,,,,,,,,,,,,,,,,,,,,,,,,,,PVC,,,,,,,,,,,,,,,,,,,,,,,,,,,,,,,Board Width,1x6,,Board Length,144,in,Material,PVC,,,,,,,,,,,,,,,,,,,,,,,,,,,,,,,,,,,,,,,,,,,,,,,,,,,,,,,,,,,,,,,,,,,,,,,,,,,,,,,,,,,,,,,,,,,,,,,,,,,,,,,,,,,,,,,,,,,,,,,,,,,,,,,,,,,,,,,,,,,,,,
Parksite-AGB15516SG,Parksite,AGB15516SG,AGB15516SG,AGB15516SG,Parksite AGB15516SG,Industrial & Commercial > General,Parksite,,,Parksite AGB15516SG General Component,Width: 1; Depth: 6; Length: 192 in; Material: PVC; Color: Slate Gray; Groove: Grooved,,,,"Parksite, General, AGB15516SG",,,,,,,,,,,,,,,General,,,,,,Active,,,,,,,,,,,,,,,,,,,,,,,,,,,,,,,,,,Slate Gray,PVC,,,,,,,,,,,,,,,,,,,,,,,,,,,,,,,Width,1,,Depth,6,,Length,192,in,Material,PVC,,Color,Slate Gray,,Groove,Grooved,,,,,,,,,,,,,,,,,,,,,,,,,,,,,,,,,,,,,,,,,,,,,,,,,,,,,,,,,,,,,,,,,,,,,,,,,,,,,,,,,,,,,,,,,,,,,,,,,,,,,,,,,,,,,,,,,,,,,,,,,,,,,,,,,,,,,
Parksite-AGB15520SG,Parksite,AGB15520SG,AGB15520SG,AGB15520SG,Parksite AGB15520SG,Industrial & Commercial > General,Parksite,,,Parksite AGB15520SG General Component,Width Inch: 1x6-20 ft; Height Inch: 1x6-20 ft; Length: 1x6-20 ft; Material: Harvest Azek PVC Decking; Finish: Slate Gray Grooved; Color: Slate Gray Grooved,,,,"Parksite, General, AGB15520SG",,,,,,,,,,,,,,,General,,,,,,Active,,,,,,,,,,,,,,,,,,,,,,,,,,,,,,,,,,Slate Gray Grooved,Harvest Azek PVC Decking,Slate Gray Grooved,,,,,,,,,,,,,,,,,,,,,,,,,,,,,,Width Inch,1x6-20 ft,,Height Inch,1x6-20 ft,,Length,1x6-20 ft,,Material,Harvest Azek PVC Decking,,Finish,Slate Gray Grooved,,Color,Slate Gray Grooved,,,,,,,,,,,,,,,,,,,,,,,,,,,,,,,,,,,,,,,,,,,,,,,,,,,,,,,,,,,,,,,,,,,,,,,,,,,,,,,,,,,,,,,,,,,,,,,,,,,,,,,,,,,,,,,,,,,,,,,,,,,,,,,,,,,,,
U S Lumber-543140016,U S Lumber,543140016,543140016,543140016,U S Lumber 543140016,Industrial & Commercial > General,U S Lumber,,,U S Lumber 543140016 General Component,Width: 1; Length: 72-192 in,,,,"U S Lumber, General, 543140016",,,,,,,,,,,,,,,General,,,,,,Active,,,,,,,,,,,,,,,,,,,,,,,,72-192,in,1,in,,,,,,,,,,,,,,,,,,,,,,,,,,,,,,,,,,,,,,,Width,1,,Length,72-192,in,,,,,,,,,,,,,,,,,,,,,,,,,,,,,,,,,,,,,,,,,,,,,,,,,,,,,,,,,,,,,,,,,,,,,,,,,,,,,,,,,,,,,,,,,,,,,,,,,,,,,,,,,,,,,,,,,,,,,,,,,,,,,,,,,,,,,,,,,,,,,,,,
U S Lumber-543140020,U S Lumber,543140020,543140020,543140020,U S Lumber 543140020,Industrial & Commercial > General,U S Lumber,,,U S Lumber 543140020 General Component,Width Inch: 1; Length: 72-240 in,,,,"U S Lumber, General, 543140020",,,,,,,,,,,,,,,General,,,,,,Active,,,,,,,,,,,,,,,,,,,,,,,,,,,,,,,,,,,,,,,,,,,,,,,,,,,,,,,,,,,,,,,,,,Width Inch,1,,Length,72-240,in,,,,,,,,,,,,,,,,,,,,,,,,,,,,,,,,,,,,,,,,,,,,,,,,,,,,,,,,,,,,,,,,,,,,,,,,,,,,,,,,,,,,,,,,,,,,,,,,,,,,,,,,,,,,,,,,,,,,,,,,,,,,,,,,,,,,,,,,,,,,,,,,
U S Lumber-543142016,U S Lumber,543142016,543142016,543142016,U S Lumber 543142016,Industrial & Commercial > General,U S Lumber,,,U S Lumber 543142016 General Component,Width In Inches: 1; Length In Feet: 72-192 in,,,,"U S Lumber, General, 543142016",,,,,,,,,,,,,,,General,,,,,,Active,,,,,,,,,,,,,,,,,,,,,,,,,,,,,,,,,,,,,,,,,,,,,,,,,,,,,,,,,,,,,,,,,,Width In Inches,1,,Length In Feet,72-192,in,,,,,,,,,,,,,,,,,,,,,,,,,,,,,,,,,,,,,,,,,,,,,,,,,,,,,,,,,,,,,,,,,,,,,,,,,,,,,,,,,,,,,,,,,,,,,,,,,,,,,,,,,,,,,,,,,,,,,,,,,,,,,,,,,,,,,,,,,,,,,,,,
U S Lumber-543142020,U S Lumber,543142020,543142020,543142020,U S Lumber 543142020,Industrial & Commercial > General,U S Lumber,,,U S Lumber 543142020 General Component,Thickness: 1; Length: 72-240 in,,,,"U S Lumber, General, 543142020",,,,,,,,,,,,,,,General,,,,,,Active,,,,,,,,,,,,,,,,,,,,,,,,72-240,in,,,,,,,,,,,,,,,,,,,,,,,,,,,,,,,,,,,,,,,,,Thickness,1,,Length,72-240,in,,,,,,,,,,,,,,,,,,,,,,,,,,,,,,,,,,,,,,,,,,,,,,,,,,,,,,,,,,,,,,,,,,,,,,,,,,,,,,,,,,,,,,,,,,,,,,,,,,,,,,,,,,,,,,,,,,,,,,,,,,,,,,,,,,,,,,,,,,,,,,,,
U S Lumber-543144016,U S Lumber,543144016,543144016,543144016,U S Lumber 543144016,Industrial & Commercial > General,U S Lumber,,,U S Lumber 543144016 General Component,Width: 1 in; Length: 72-192 in,,,,"U S Lumber, General, 543144016",,,,,,,,,,,,,,,General,,,,,,Active,,,,,,,,,,,,,,,,,,,,,,,,72-192,in,1,in,,,,,,,,,,,,,,,,,,,,,,,,,,,,,,,,,,,,,,,Width,1,in,Length,72-192,in,,,,,,,,,,,,,,,,,,,,,,,,,,,,,,,,,,,,,,,,,,,,,,,,,,,,,,,,,,,,,,,,,,,,,,,,,,,,,,,,,,,,,,,,,,,,,,,,,,,,,,,,,,,,,,,,,,,,,,,,,,,,,,,,,,,,,,,,,,,,,,,,
U S Lumber-543144020,U S Lumber,543144020,543144020,543144020,U S Lumber 543144020,Industrial & Commercial > General,U S Lumber,,,U S Lumber 543144020 General Component,Width Inch: 1; Length: 72-240 in,,,,"U S Lumber, General, 543144020",,,,,,,,,,,,,,,General,,,,,,Active,,,,,,,,,,,,,,,,,,,,,,,,,,,,,,,,,,,,,,,,,,,,,,,,,,,,,,,,,,,,,,,,,,Width Inch,1,,Length,72-240,in,,,,,,,,,,,,,,,,,,,,,,,,,,,,,,,,,,,,,,,,,,,,,,,,,,,,,,,,,,,,,,,,,,,,,,,,,,,,,,,,,,,,,,,,,,,,,,,,,,,,,,,,,,,,,,,,,,,,,,,,,,,,,,,,,,,,,,,,,,,,,,,,
U S Lumber-543143016,U S Lumber,543143016,543143016,543143016,U S Lumber 543143016,Industrial & Commercial > General,U S Lumber,,,U S Lumber 543143016 General Component,Width: 1; Length: 72-192 in,,,,"U S Lumber, General, 543143016",,,,,,,,,,,,,,,General,,,,,,Active,,,,,,,,,,,,,,,,,,,,,,,,72-192,in,1,in,,,,,,,,,,,,,,,,,,,,,,,,,,,,,,,,,,,,,,,Width,1,,Length,72-192,in,,,,,,,,,,,,,,,,,,,,,,,,,,,,,,,,,,,,,,,,,,,,,,,,,,,,,,,,,,,,,,,,,,,,,,,,,,,,,,,,,,,,,,,,,,,,,,,,,,,,,,,,,,,,,,,,,,,,,,,,,,,,,,,,,,,,,,,,,,,,,,,,
U S Lumber-543143020,U S Lumber,543143020,543143020,543143020,U S Lumber 543143020,Industrial & Commercial > General,U S Lumber,,,U S Lumber 543143020 General Component,Length Range: 1nx6-20 ft,,,,"U S Lumber, General, 543143020",,,,,,,,,,,,,,,General,,,,,,Active,,,,,,,,,,,,,,,,,,,,,,,,,,,,,,,,,,,,,,,,,,,,,,,,,,,,,,,,,,,,,,,,,,Length Range,1nx6-20 ft,,,,,,,,,,,,,,,,,,,,,,,,,,,,,,,,,,,,,,,,,,,,,,,,,,,,,,,,,,,,,,,,,,,,,,,,,,,,,,,,,,,,,,,,,,,,,,,,,,,,,,,,,,,,,,,,,,,,,,,,,,,,,,,,,,,,,,,,,,,,,,,,,,,,
U S Lumber-543141016,U S Lumber,543141016,543141016,543141016,U S Lumber 543141016,Industrial & Commercial > General,U S Lumber,,,U S Lumber 543141016 General Component,Board Width: 1; Board Length: 72-192 in,,,,"U S Lumber, General, 543141016",,,,,,,,,,,,,,,General,,,,,,Active,,,,,,,,,,,,,,,,,,,,,,,,,,,,,,,,,,,,,,,,,,,,,,,,,,,,,,,,,,,,,,,,,,Board Width,1,,Board Length,72-192,in,,,,,,,,,,,,,,,,,,,,,,,,,,,,,,,,,,,,,,,,,,,,,,,,,,,,,,,,,,,,,,,,,,,,,,,,,,,,,,,,,,,,,,,,,,,,,,,,,,,,,,,,,,,,,,,,,,,,,,,,,,,,,,,,,,,,,,,,,,,,,,,,
U S Lumber-543141020,U S Lumber,543141020,543141020,543141020,U S Lumber 543141020,Industrial & Commercial > General,U S Lumber,,,U S Lumber 543141020 General Component,Product Size: 1nx6-20 ft,,,,"U S Lumber, General, 543141020",,,,,,,,,,,,,,,General,,,,,,Active,,,,,,,,,,,,,,,,,,,,,,,,,,,,,,,,,,,,,,,,,,,,,,,,,,,,,,,,,,,,,,,,,,Product Size,1nx6-20 ft,,,,,,,,,,,,,,,,,,,,,,,,,,,,,,,,,,,,,,,,,,,,,,,,,,,,,,,,,,,,,,,,,,,,,,,,,,,,,,,,,,,,,,,,,,,,,,,,,,,,,,,,,,,,,,,,,,,,,,,,,,,,,,,,,,,,,,,,,,,,,,,,,,,,
U S Lumber-543140412,U S Lumber,543140412,543140412,543140412,U S Lumber 543140412,Industrial & Commercial > General,U S Lumber,,,U S Lumber 543140412 General Component,Width Inch: 1; Length Ft Range: 72-144 in,,,,"U S Lumber, General, 543140412",,,,,,,,,,,,,,,General,,,,,,Active,,,,,,,,,,,,,,,,,,,,,,,,,,,,,,,,,,,,,,,,,,,,,,,,,,,,,,,,,,,,,,,,,,Width Inch,1,,Length Ft Range,72-144,in,,,,,,,,,,,,,,,,,,,,,,,,,,,,,,,,,,,,,,,,,,,,,,,,,,,,,,,,,,,,,,,,,,,,,,,,,,,,,,,,,,,,,,,,,,,,,,,,,,,,,,,,,,,,,,,,,,,,,,,,,,,,,,,,,,,,,,,,,,,,,,,,
U S Lumber-543140416,U S Lumber,543140416,543140416,543140416,U S Lumber 543140416,Industrial & Commercial > General,U S Lumber,,,U S Lumber 543140416 General Component,Dimension: 1nx6-16 ft; Groove Type: Biscayne Grooved; Product Type: Decking; Brand: Trex Transcend Lineage,,,,"U S Lumber, General, 543140416",,,,,,,,,,,,,,,General,,,,,,Active,,,,,,,,,,,,,,,,,,,,,,,,,,,,,,,,,,,,,,,,,,,,,,,,,,,,,,,,,,,,,,,,,,Dimension,1nx6-16 ft,,Groove Type,Biscayne Grooved,,Product Type,Decking,,Brand,Trex Transcend Lineage,,,,,,,,,,,,,,,,,,,,,,,,,,,,,,,,,,,,,,,,,,,,,,,,,,,,,,,,,,,,,,,,,,,,,,,,,,,,,,,,,,,,,,,,,,,,,,,,,,,,,,,,,,,,,,,,,,,,,,,,,,,,,,,,,,,,,,,,,,,
U S Lumber-543140420,U S Lumber,543140420,543140420,543140420,U S Lumber 543140420,Industrial & Commercial > General,U S Lumber,,,U S Lumber 543140420 General Component,Width Inch: 1 n; Length: 240 in; Groove Type: Biscayne Grooved; Material: Trex Transcend Lineage Decking,,,,"U S Lumber, General, 543140420",,,,,,,,,,,,,,,General,,,,,,Active,,,,,,,,,,,,,,,,,,,,,,,,,,,,,,,,,,,Trex Transcend Lineage Decking,,,,,,,,,,,,,,,,,,,,,,,,,,,,,,,Width Inch,1,n,Length,240,in,Groove Type,Biscayne Grooved,,Material,Trex Transcend Lineage Decking,,,,,,,,,,,,,,,,,,,,,,,,,,,,,,,,,,,,,,,,,,,,,,,,,,,,,,,,,,,,,,,,,,,,,,,,,,,,,,,,,,,,,,,,,,,,,,,,,,,,,,,,,,,,,,,,,,,,,,,,,,,,,,,,,,,,,,,,,,,
U S Lumber-543142412,U S Lumber,543142412,543142412,543142412,U S Lumber 543142412,Industrial & Commercial > General,U S Lumber,,,U S Lumber 543142412 General Component,Length: 144 in; Width: 1nx6,,,,"U S Lumber, General, 543142412",,,,,,,,,,,,,,,General,,,,,,Active,,,,,,,,,,,,,,,,,,,,,,,,144,in,1nx6,in,,,,,,,,,,,,,,,,,,,,,,,,,,,,,,,,,,,,,,,Length,144,in,Width,1nx6,,,,,,,,,,,,,,,,,,,,,,,,,,,,,,,,,,,,,,,,,,,,,,,,,,,,,,,,,,,,,,,,,,,,,,,,,,,,,,,,,,,,,,,,,,,,,,,,,,,,,,,,,,,,,,,,,,,,,,,,,,,,,,,,,,,,,,,,,,,,,,,,,
U S Lumber-543142416,U S Lumber,543142416,543142416,543142416,U S Lumber 543142416,Industrial & Commercial > General,U S Lumber,,,U S Lumber 543142416 General Component,Width Inch: 1; Length Ft Range: 72-192 in,,,,"U S Lumber, General, 543142416",,,,,,,,,,,,,,,General,,,,,,Active,,,,,,,,,,,,,,,,,,,,,,,,,,,,,,,,,,,,,,,,,,,,,,,,,,,,,,,,,,,,,,,,,,Width Inch,1,,Length Ft Range,72-192,in,,,,,,,,,,,,,,,,,,,,,,,,,,,,,,,,,,,,,,,,,,,,,,,,,,,,,,,,,,,,,,,,,,,,,,,,,,,,,,,,,,,,,,,,,,,,,,,,,,,,,,,,,,,,,,,,,,,,,,,,,,,,,,,,,,,,,,,,,,,,,,,,
U S Lumber-543142420,U S Lumber,543142420,543142420,543142420,U S Lumber 543142420,Industrial & Commercial > General,U S Lumber,,,U S Lumber 543142420 General Component,Thickness Inch: 1; Width Inch: 6; Length: 240 in,,,,"U S Lumber, General, 543142420",,,,,,,,,,,,,,,General,,,,,,Active,,,,,,,,,,,,,,,,,,,,,,,,,,,,,,,,,,,,,,,,,,,,,,,,,,,,,,,,,,,,,,,,,,Thickness Inch,1,,Width Inch,6,,Length,240,in,,,,,,,,,,,,,,,,,,,,,,,,,,,,,,,,,,,,,,,,,,,,,,,,,,,,,,,,,,,,,,,,,,,,,,,,,,,,,,,,,,,,,,,,,,,,,,,,,,,,,,,,,,,,,,,,,,,,,,,,,,,,,,,,,,,,,,,,,,,,,
U S Lumber-543144412,U S Lumber,543144412,543144412,543144412,U S Lumber 543144412,Industrial & Commercial > General,U S Lumber,,,U S Lumber 543144412 General Component,Thickness Inch: 1 n; Length: 72-144 in,,,,"U S Lumber, General, 543144412",,,,,,,,,,,,,,,General,,,,,,Active,,,,,,,,,,,,,,,,,,,,,,,,,,,,,,,,,,,,,,,,,,,,,,,,,,,,,,,,,,,,,,,,,,Thickness Inch,1,n,Length,72-144,in,,,,,,,,,,,,,,,,,,,,,,,,,,,,,,,,,,,,,,,,,,,,,,,,,,,,,,,,,,,,,,,,,,,,,,,,,,,,,,,,,,,,,,,,,,,,,,,,,,,,,,,,,,,,,,,,,,,,,,,,,,,,,,,,,,,,,,,,,,,,,,,,
U S Lumber-543144416,U S Lumber,543144416,543144416,543144416,U S Lumber 543144416,Industrial & Commercial > General,U S Lumber,,,U S Lumber 543144416 General Component,Thickness: 1; Length: 72-192 in,,,,"U S Lumber, General, 543144416",,,,,,,,,,,,,,,General,,,,,,Active,,,,,,,,,,,,,,,,,,,,,,,,,,,,,,,,,,,,,,,,,,,,,,,,,,,,,,,,,,,,,,,,,,Thickness,1,,Length,72-192,in,,,,,,,,,,,,,,,,,,,,,,,,,,,,,,,,,,,,,,,,,,,,,,,,,,,,,,,,,,,,,,,,,,,,,,,,,,,,,,,,,,,,,,,,,,,,,,,,,,,,,,,,,,,,,,,,,,,,,,,,,,,,,,,,,,,,,,,,,,,,,,,,
U S Lumber-543144420,U S Lumber,543144420,543144420,543144420,U S Lumber 543144420,Industrial & Commercial > General,U S Lumber,,,U S Lumber 543144420 General Component,Width Inch: 1; Length Ft Range: 72-240 in,,,,"U S Lumber, General, 543144420",,,,,,,,,,,,,,,General,,,,,,Active,,,,,,,,,,,,,,,,,,,,,,,,,,,,,,,,,,,,,,,,,,,,,,,,,,,,,,,,,,,,,,,,,,Width Inch,1,,Length Ft Range,72-240,in,,,,,,,,,,,,,,,,,,,,,,,,,,,,,,,,,,,,,,,,,,,,,,,,,,,,,,,,,,,,,,,,,,,,,,,,,,,,,,,,,,,,,,,,,,,,,,,,,,,,,,,,,,,,,,,,,,,,,,,,,,,,,,,,,,,,,,,,,,,,,,,,
U S Lumber-543143412,U S Lumber,543143412,543143412,543143412,U S Lumber 543143412,Industrial & Commercial > General,U S Lumber,,,U S Lumber 543143412 General Component,Thickness Inch: 1; Width Inch: 6; Length: 144 in; Material: Trex Transcend Lineage Decking,,,,"U S Lumber, General, 543143412",,,,,,,,,,,,,,,General,,,,,,Active,,,,,,,,,,,,,,,,,,,,,,,,,,,,,,,,,,,Trex Transcend Lineage Decking,,,,,,,,,,,,,,,,,,,,,,,,,,,,,,,Thickness Inch,1,,Width Inch,6,,Length,144,in,Material,Trex Transcend Lineage Decking,,,,,,,,,,,,,,,,,,,,,,,,,,,,,,,,,,,,,,,,,,,,,,,,,,,,,,,,,,,,,,,,,,,,,,,,,,,,,,,,,,,,,,,,,,,,,,,,,,,,,,,,,,,,,,,,,,,,,,,,,,,,,,,,,,,,,,,,,,,
U S Lumber-543143416,U S Lumber,543143416,543143416,543143416,U S Lumber 543143416,Industrial & Commercial > General,U S Lumber,,,U S Lumber 543143416 General Component,Dimension: 1nx6-16 ft,,,,"U S Lumber, General, 543143416",,,,,,,,,,,,,,,General,,,,,,Active,,,,,,,,,,,,,,,,,,,,,,,,,,,,,,,,,,,,,,,,,,,,,,,,,,,,,,,,,,,,,,,,,,Dimension,1nx6-16 ft,,,,,,,,,,,,,,,,,,,,,,,,,,,,,,,,,,,,,,,,,,,,,,,,,,,,,,,,,,,,,,,,,,,,,,,,,,,,,,,,,,,,,,,,,,,,,,,,,,,,,,,,,,,,,,,,,,,,,,,,,,,,,,,,,,,,,,,,,,,,,,,,,,,,
U S Lumber-543143420,U S Lumber,543143420,543143420,543143420,U S Lumber 543143420,Industrial & Commercial > General,U S Lumber,,,U S Lumber 543143420 General Component,Width In Inches: 1; Length Range: 72-240 in,,,,"U S Lumber, General, 543143420",,,,,,,,,,,,,,,General,,,,,,Active,,,,,,,,,,,,,,,,,,,,,,,,,,,,,,,,,,,,,,,,,,,,,,,,,,,,,,,,,,,,,,,,,,Width In Inches,1,,Length Range,72-240,in,,,,,,,,,,,,,,,,,,,,,,,,,,,,,,,,,,,,,,,,,,,,,,,,,,,,,,,,,,,,,,,,,,,,,,,,,,,,,,,,,,,,,,,,,,,,,,,,,,,,,,,,,,,,,,,,,,,,,,,,,,,,,,,,,,,,,,,,,,,,,,,,
U S Lumber-543141412,U S Lumber,543141412,543141412,543141412,U S Lumber 543141412,Industrial & Commercial > General,U S Lumber,,,U S Lumber 543141412 General Component,Width In Inches: 1; Length Ft Range: 72-144 in,,,,"U S Lumber, General, 543141412",,,,,,,,,,,,,,,General,,,,,,Active,,,,,,,,,,,,,,,,,,,,,,,,,,,,,,,,,,,,,,,,,,,,,,,,,,,,,,,,,,,,,,,,,,Width In Inches,1,,Length Ft Range,72-144,in,,,,,,,,,,,,,,,,,,,,,,,,,,,,,,,,,,,,,,,,,,,,,,,,,,,,,,,,,,,,,,,,,,,,,,,,,,,,,,,,,,,,,,,,,,,,,,,,,,,,,,,,,,,,,,,,,,,,,,,,,,,,,,,,,,,,,,,,,,,,,,,,
U S Lumber-543141416,U S Lumber,543141416,543141416,543141416,U S Lumber 543141416,Industrial & Commercial > General,U S Lumber,,,U S Lumber 543141416 General Component,Dimension: 1nx6-16 ft,,,,"U S Lumber, General, 543141416",,,,,,,,,,,,,,,General,,,,,,Active,,,,,,,,,,,,,,,,,,,,,,,,,,,,,,,,,,,,,,,,,,,,,,,,,,,,,,,,,,,,,,,,,,Dimension,1nx6-16 ft,,,,,,,,,,,,,,,,,,,,,,,,,,,,,,,,,,,,,,,,,,,,,,,,,,,,,,,,,,,,,,,,,,,,,,,,,,,,,,,,,,,,,,,,,,,,,,,,,,,,,,,,,,,,,,,,,,,,,,,,,,,,,,,,,,,,,,,,,,,,,,,,,,,,
U S Lumber-543141420,U S Lumber,543141420,543141420,543141420,U S Lumber 543141420,Industrial & Commercial > General,U S Lumber,,,U S Lumber 543141420 General Component,Width Inch: 1; Length: 72-240 in,,,,"U S Lumber, General, 543141420",,,,,,,,,,,,,,,General,,,,,,Active,,,,,,,,,,,,,,,,,,,,,,,,,,,,,,,,,,,,,,,,,,,,,,,,,,,,,,,,,,,,,,,,,,Width Inch,1,,Length,72-240,in,,,,,,,,,,,,,,,,,,,,,,,,,,,,,,,,,,,,,,,,,,,,,,,,,,,,,,,,,,,,,,,,,,,,,,,,,,,,,,,,,,,,,,,,,,,,,,,,,,,,,,,,,,,,,,,,,,,,,,,,,,,,,,,,,,,,,,,,,,,,,,,,
Boise Cascade Building Materials-1513703,Boise Cascade Building Materials,1513703,1513703,1513703,Boise Cascade Building Materials 1513703,Industrial & Commercial > General,Boise Cascade Building Materials,,,Boise Cascade Building Materials 1513703 General Component,Width Inch: 1; Length: 72-192 in,,,,"Boise Cascade Building Materials, General, 1513703",,,,,,,,,,,,,,,General,,,,,,Active,,,,,,,,,,,,,,,,,,,,,,,,,,,,,,,,,,,,,,,,,,,,,,,,,,,,,,,,,,,,,,,,,,Width Inch,1,,Length,72-192,in,,,,,,,,,,,,,,,,,,,,,,,,,,,,,,,,,,,,,,,,,,,,,,,,,,,,,,,,,,,,,,,,,,,,,,,,,,,,,,,,,,,,,,,,,,,,,,,,,,,,,,,,,,,,,,,,,,,,,,,,,,,,,,,,,,,,,,,,,,,,,,,,
Boise Cascade Building Materials-1513704,Boise Cascade Building Materials,1513704,1513704,1513704,Boise Cascade Building Materials 1513704,Industrial & Commercial > General,Boise Cascade Building Materials,,,Boise Cascade Building Materials 1513704 General Component,Thickness: 1 in; Length: 72-240 in,,,,"Boise Cascade Building Materials, General, 1513704",,,,,,,,,,,,,,,General,,,,,,Active,,,,,,,,,,,,,,,,,,,,,,,,72-240,in,,,,,,,,,,,,,,,,,,,,,,,,,,,,,,,,,,,,,,,,,Thickness,1,in,Length,72-240,in,,,,,,,,,,,,,,,,,,,,,,,,,,,,,,,,,,,,,,,,,,,,,,,,,,,,,,,,,,,,,,,,,,,,,,,,,,,,,,,,,,,,,,,,,,,,,,,,,,,,,,,,,,,,,,,,,,,,,,,,,,,,,,,,,,,,,,,,,,,,,,,,
Boise Cascade Building Materials-1513705,Boise Cascade Building Materials,1513705,1513705,1513705,Boise Cascade Building Materials 1513705,Industrial & Commercial > General,Boise Cascade Building Materials,,,Boise Cascade Building Materials 1513705 General Component,Width In Inches: 1; Length Range: 72-144 in,,,,"Boise Cascade Building Materials, General, 1513705",,,,,,,,,,,,,,,General,,,,,,Active,,,,,,,,,,,,,,,,,,,,,,,,,,,,,,,,,,,,,,,,,,,,,,,,,,,,,,,,,,,,,,,,,,Width In Inches,1,,Length Range,72-144,in,,,,,,,,,,,,,,,,,,,,,,,,,,,,,,,,,,,,,,,,,,,,,,,,,,,,,,,,,,,,,,,,,,,,,,,,,,,,,,,,,,,,,,,,,,,,,,,,,,,,,,,,,,,,,,,,,,,,,,,,,,,,,,,,,,,,,,,,,,,,,,,,
Boise Cascade Building Materials-1513706,Boise Cascade Building Materials,1513706,1513706,1513706,Boise Cascade Building Materials 1513706,Industrial & Commercial > General,Boise Cascade Building Materials,,,Boise Cascade Building Materials 1513706 General Component,Thickness: 1 in; Width: 6 in; Length: 192 in,,,,"Boise Cascade Building Materials, General, 1513706",,,,,,,,,,,,,,,General,,,,,,Active,,,,,,,,,,,,,,,,,,,,,,,,,,,,,,,,,,,,,,,,,,,,,,,,,,,,,,,,,,,,,,,,,,Thickness,1,in,Width,6,in,Length,192,in,,,,,,,,,,,,,,,,,,,,,,,,,,,,,,,,,,,,,,,,,,,,,,,,,,,,,,,,,,,,,,,,,,,,,,,,,,,,,,,,,,,,,,,,,,,,,,,,,,,,,,,,,,,,,,,,,,,,,,,,,,,,,,,,,,,,,,,,,,,,,
Boise Cascade Building Materials-1513707,Boise Cascade Building Materials,1513707,1513707,1513707,Boise Cascade Building Materials 1513707,Industrial & Commercial > General,Boise Cascade Building Materials,,,Boise Cascade Building Materials 1513707 General Component,Width Inch: 1; Length Ft Range: 72-240 in,,,,"Boise Cascade Building Materials, General, 1513707",,,,,,,,,,,,,,,General,,,,,,Active,,,,,,,,,,,,,,,,,,,,,,,,,,,,,,,,,,,,,,,,,,,,,,,,,,,,,,,,,,,,,,,,,,Width Inch,1,,Length Ft Range,72-240,in,,,,,,,,,,,,,,,,,,,,,,,,,,,,,,,,,,,,,,,,,,,,,,,,,,,,,,,,,,,,,,,,,,,,,,,,,,,,,,,,,,,,,,,,,,,,,,,,,,,,,,,,,,,,,,,,,,,,,,,,,,,,,,,,,,,,,,,,,,,,,,,,
Boise Cascade Building Materials-1513708,Boise Cascade Building Materials,1513708,1513708,1513708,Boise Cascade Building Materials 1513708,Industrial & Commercial > General,Boise Cascade Building Materials,,,Boise Cascade Building Materials 1513708 General Component,Thickness Inch: 1 in; Width Inch: 6 in; Length: 192 in,,,,"Boise Cascade Building Materials, General, 1513708",,,,,,,,,,,,,,,General,,,,,,Active,,,,,,,,,,,,,,,,,,,,,,,,,,,,,,,,,,,,,,,,,,,,,,,,,,,,,,,,,,,,,,,,,,Thickness Inch,1,in,Width Inch,6,in,Length,192,in,,,,,,,,,,,,,,,,,,,,,,,,,,,,,,,,,,,,,,,,,,,,,,,,,,,,,,,,,,,,,,,,,,,,,,,,,,,,,,,,,,,,,,,,,,,,,,,,,,,,,,,,,,,,,,,,,,,,,,,,,,,,,,,,,,,,,,,,,,,,,
Boise Cascade Building Materials-1513709,Boise Cascade Building Materials,1513709,1513709,1513709,Boise Cascade Building Materials 1513709,Industrial & Commercial > General,Boise Cascade Building Materials,,,Boise Cascade Building Materials 1513709 General Component,Board Width: 1nx6-20 ft; Board Length: 1nx6-20 ft,,,,"Boise Cascade Building Materials, General, 1513709",,,,,,,,,,,,,,,General,,,,,,Active,,,,,,,,,,,,,,,,,,,,,,,,,,,,,,,,,,,,,,,,,,,,,,,,,,,,,,,,,,,,,,,,,,Board Width,1nx6-20 ft,,Board Length,1nx6-20 ft,,,,,,,,,,,,,,,,,,,,,,,,,,,,,,,,,,,,,,,,,,,,,,,,,,,,,,,,,,,,,,,,,,,,,,,,,,,,,,,,,,,,,,,,,,,,,,,,,,,,,,,,,,,,,,,,,,,,,,,,,,,,,,,,,,,,,,,,,,,,,,,,,
Boise Cascade Building Materials-1513710,Boise Cascade Building Materials,1513710,1513710,1513710,Boise Cascade Building Materials 1513710,Industrial & Commercial > General,Boise Cascade Building Materials,,,Boise Cascade Building Materials 1513710 General Component,Width: 1; Length: 72-144 in,,,,"Boise Cascade Building Materials, General, 1513710",,,,,,,,,,,,,,,General,,,,,,Active,,,,,,,,,,,,,,,,,,,,,,,,,,,,,,,,,,,,,,,,,,,,,,,,,,,,,,,,,,,,,,,,,,Width,1,,Length,72-144,in,,,,,,,,,,,,,,,,,,,,,,,,,,,,,,,,,,,,,,,,,,,,,,,,,,,,,,,,,,,,,,,,,,,,,,,,,,,,,,,,,,,,,,,,,,,,,,,,,,,,,,,,,,,,,,,,,,,,,,,,,,,,,,,,,,,,,,,,,,,,,,,,
Boise Cascade Building Materials-1513711,Boise Cascade Building Materials,1513711,1513711,1513711,Boise Cascade Building Materials 1513711,Industrial & Commercial > General,Boise Cascade Building Materials,,,Boise Cascade Building Materials 1513711 General Component,Thickness: 1; Length Ft Range: 72-192 in,,,,"Boise Cascade Building Materials, General, 1513711",,,,,,,,,,,,,,,General,,,,,,Active,,,,,,,,,,,,,,,,,,,,,,,,,,,,,,,,,,,,,,,,,,,,,,,,,,,,,,,,,,,,,,,,,,Thickness,1,,Length Ft Range,72-192,in,,,,,,,,,,,,,,,,,,,,,,,,,,,,,,,,,,,,,,,,,,,,,,,,,,,,,,,,,,,,,,,,,,,,,,,,,,,,,,,,,,,,,,,,,,,,,,,,,,,,,,,,,,,,,,,,,,,,,,,,,,,,,,,,,,,,,,,,,,,,,,,,
Boise Cascade Building Materials-1513712,Boise Cascade Building Materials,1513712,1513712,1513712,Boise Cascade Building Materials 1513712,Industrial & Commercial > General,Boise Cascade Building Materials,,,Boise Cascade Building Materials 1513712 General Component,Board Width: 1; Board Length: 72-240 in,,,,"Boise Cascade Building Materials, General, 1513712",,,,,,,,,,,,,,,General,,,,,,Active,,,,,,,,,,,,,,,,,,,,,,,,,,,,,,,,,,,,,,,,,,,,,,,,,,,,,,,,,,,,,,,,,,Board Width,1,,Board Length,72-240,in,,,,,,,,,,,,,,,,,,,,,,,,,,,,,,,,,,,,,,,,,,,,,,,,,,,,,,,,,,,,,,,,,,,,,,,,,,,,,,,,,,,,,,,,,,,,,,,,,,,,,,,,,,,,,,,,,,,,,,,,,,,,,,,,,,,,,,,,,,,,,,,,
Boise Cascade Building Materials-1513717,Boise Cascade Building Materials,1513717,1513717,1513717,Boise Cascade Building Materials 1513717,Industrial & Commercial > General,Boise Cascade Building Materials,,,Boise Cascade Building Materials 1513717 General Component,Dimensions: 1nx6-16 ft,,,,"Boise Cascade Building Materials, General, 1513717",,,,,,,,,,,,,,,General,,,,,,Active,,,,,,,,,,,,,,,,,,,,,,,,,,,,,,,,,,,,,,,,,,,,,,,,,,,,,,,,,,,,,,,,,,Dimensions,1nx6-16 ft,,,,,,,,,,,,,,,,,,,,,,,,,,,,,,,,,,,,,,,,,,,,,,,,,,,,,,,,,,,,,,,,,,,,,,,,,,,,,,,,,,,,,,,,,,,,,,,,,,,,,,,,,,,,,,,,,,,,,,,,,,,,,,,,,,,,,,,,,,,,,,,,,,,,
Boise Cascade Building Materials-1513718,Boise Cascade Building Materials,1513718,1513718,1513718,Boise Cascade Building Materials 1513718,Industrial & Commercial > General,Boise Cascade Building Materials,,,Boise Cascade Building Materials 1513718 General Component,Dimension: 1nx6-20 ft,,,,"Boise Cascade Building Materials, General, 1513718",,,,,,,,,,,,,,,General,,,,,,Active,,,,,,,,,,,,,,,,,,,,,,,,,,,,,,,,,,,,,,,,,,,,,,,,,,,,,,,,,,,,,,,,,,Dimension,1nx6-20 ft,,,,,,,,,,,,,,,,,,,,,,,,,,,,,,,,,,,,,,,,,,,,,,,,,,,,,,,,,,,,,,,,,,,,,,,,,,,,,,,,,,,,,,,,,,,,,,,,,,,,,,,,,,,,,,,,,,,,,,,,,,,,,,,,,,,,,,,,,,,,,,,,,,,,
Boise Cascade Building Materials-1513719,Boise Cascade Building Materials,1513719,1513719,1513719,Boise Cascade Building Materials 1513719,Industrial & Commercial > General,Boise Cascade Building Materials,,,Boise Cascade Building Materials 1513719 General Component,Length: 144 in; Width: 1nx6,,,,"Boise Cascade Building Materials, General, 1513719",,,,,,,,,,,,,,,General,,,,,,Active,,,,,,,,,,,,,,,,,,,,,,,,144,in,1nx6,in,,,,,,,,,,,,,,,,,,,,,,,,,,,,,,,,,,,,,,,Length,144,in,Width,1nx6,,,,,,,,,,,,,,,,,,,,,,,,,,,,,,,,,,,,,,,,,,,,,,,,,,,,,,,,,,,,,,,,,,,,,,,,,,,,,,,,,,,,,,,,,,,,,,,,,,,,,,,,,,,,,,,,,,,,,,,,,,,,,,,,,,,,,,,,,,,,,,,,,
Boise Cascade Building Materials-1513720,Boise Cascade Building Materials,1513720,1513720,1513720,Boise Cascade Building Materials 1513720,Industrial & Commercial > General,Boise Cascade Building Materials,,,Boise Cascade Building Materials 1513720 General Component,Width: 12 in; Length: 72-192 in,,,,"Boise Cascade Building Materials, General, 1513720",,,,,,,,,,,,,,,General,,,,,,Active,,,,,,,,,,,,,,,,,,,,,,,,72-192,in,12,in,,,,,,,,,,,,,,,,,,,,,,,,,,,,,,,,,,,,,,,Width,12,in,Length,72-192,in,,,,,,,,,,,,,,,,,,,,,,,,,,,,,,,,,,,,,,,,,,,,,,,,,,,,,,,,,,,,,,,,,,,,,,,,,,,,,,,,,,,,,,,,,,,,,,,,,,,,,,,,,,,,,,,,,,,,,,,,,,,,,,,,,,,,,,,,,,,,,,,,
Boise Cascade Building Materials-1513721,Boise Cascade Building Materials,1513721,1513721,1513721,Boise Cascade Building Materials 1513721,Industrial & Commercial > General,Boise Cascade Building Materials,,,Boise Cascade Building Materials 1513721 General Component,Width Inch: 1nx6-20 ft; Depth Inch: 1nx6-20 ft; Length: 1nx6-20 ft,,,,"Boise Cascade Building Materials, General, 1513721",,,,,,,,,,,,,,,General,,,,,,Active,,,,,,,,,,,,,,,,,,,,,,,,,,,,,,,,,,,,,,,,,,,,,,,,,,,,,,,,,,,,,,,,,,Width Inch,1nx6-20 ft,,Depth Inch,1nx6-20 ft,,Length,1nx6-20 ft,,,,,,,,,,,,,,,,,,,,,,,,,,,,,,,,,,,,,,,,,,,,,,,,,,,,,,,,,,,,,,,,,,,,,,,,,,,,,,,,,,,,,,,,,,,,,,,,,,,,,,,,,,,,,,,,,,,,,,,,,,,,,,,,,,,,,,,,,,,,,,
Boise Cascade Building Materials-1513724,Boise Cascade Building Materials,1513724,1513724,1513724,Boise Cascade Building Materials 1513724,Industrial & Commercial > General,Boise Cascade Building Materials,,,Boise Cascade Building Materials 1513724 General Component,Length: 192 in; Width: 1nx6,,,,"Boise Cascade Building Materials, General, 1513724",,,,,,,,,,,,,,,General,,,,,,Active,,,,,,,,,,,,,,,,,,,,,,,,192,in,1nx6,in,,,,,,,,,,,,,,,,,,,,,,,,,,,,,,,,,,,,,,,Length,192,in,Width,1nx6,,,,,,,,,,,,,,,,,,,,,,,,,,,,,,,,,,,,,,,,,,,,,,,,,,,,,,,,,,,,,,,,,,,,,,,,,,,,,,,,,,,,,,,,,,,,,,,,,,,,,,,,,,,,,,,,,,,,,,,,,,,,,,,,,,,,,,,,,,,,,,,,,
Boise Cascade Building Materials-1513725,Boise Cascade Building Materials,1513725,1513725,1513725,Boise Cascade Building Materials 1513725,Industrial & Commercial > General,Boise Cascade Building Materials,,,Boise Cascade Building Materials 1513725 General Component,Width: 1; Length Range: 72-240 in,,,,"Boise Cascade Building Materials, General, 1513725",,,,,,,,,,,,,,,General,,,,,,Active,,,,,,,,,,,,,,,,,,,,,,,,,,,,,,,,,,,,,,,,,,,,,,,,,,,,,,,,,,,,,,,,,,Width,1,,Length Range,72-240,in,,,,,,,,,,,,,,,,,,,,,,,,,,,,,,,,,,,,,,,,,,,,,,,,,,,,,,,,,,,,,,,,,,,,,,,,,,,,,,,,,,,,,,,,,,,,,,,,,,,,,,,,,,,,,,,,,,,,,,,,,,,,,,,,,,,,,,,,,,,,,,,,
Boise Cascade Building Materials-1513726,Boise Cascade Building Materials,1513726,1513726,1513726,Boise Cascade Building Materials 1513726,Industrial & Commercial > General,Boise Cascade Building Materials,,,Boise Cascade Building Materials 1513726 General Component,Thickness: 1; Length: 72-144 in,,,,"Boise Cascade Building Materials, General, 1513726",,,,,,,,,,,,,,,General,,,,,,Active,,,,,,,,,,,,,,,,,,,,,,,,72-144,in,,,,,,,,,,,,,,,,,,,,,,,,,,,,,,,,,,,,,,,,,Thickness,1,,Length,72-144,in,,,,,,,,,,,,,,,,,,,,,,,,,,,,,,,,,,,,,,,,,,,,,,,,,,,,,,,,,,,,,,,,,,,,,,,,,,,,,,,,,,,,,,,,,,,,,,,,,,,,,,,,,,,,,,,,,,,,,,,,,,,,,,,,,,,,,,,,,,,,,,,,
Boise Cascade Building Materials-1513727,Boise Cascade Building Materials,1513727,1513727,1513727,Boise Cascade Building Materials 1513727,Industrial & Commercial > General,Boise Cascade Building Materials,,,Boise Cascade Building Materials 1513727 General Component,Dimension: 1nx6-16 ft,,,,"Boise Cascade Building Materials, General, 1513727",,,,,,,,,,,,,,,General,,,,,,Active,,,,,,,,,,,,,,,,,,,,,,,,,,,,,,,,,,,,,,,,,,,,,,,,,,,,,,,,,,,,,,,,,,Dimension,1nx6-16 ft,,,,,,,,,,,,,,,,,,,,,,,,,,,,,,,,,,,,,,,,,,,,,,,,,,,,,,,,,,,,,,,,,,,,,,,,,,,,,,,,,,,,,,,,,,,,,,,,,,,,,,,,,,,,,,,,,,,,,,,,,,,,,,,,,,,,,,,,,,,,,,,,,,,,
Boise Cascade Building Materials-1513728,Boise Cascade Building Materials,1513728,1513728,1513728,Boise Cascade Building Materials 1513728,Industrial & Commercial > General,Boise Cascade Building Materials,,,Boise Cascade Building Materials 1513728 General Component,Width: 1; Length Ft Range: 72-240 in,,,,"Boise Cascade Building Materials, General, 1513728",,,,,,,,,,,,,,,General,,,,,,Active,,,,,,,,,,,,,,,,,,,,,,,,,,,,,,,,,,,,,,,,,,,,,,,,,,,,,,,,,,,,,,,,,,Width,1,,Length Ft Range,72-240,in,,,,,,,,,,,,,,,,,,,,,,,,,,,,,,,,,,,,,,,,,,,,,,,,,,,,,,,,,,,,,,,,,,,,,,,,,,,,,,,,,,,,,,,,,,,,,,,,,,,,,,,,,,,,,,,,,,,,,,,,,,,,,,,,,,,,,,,,,,,,,,,,
Boise Cascade Building Materials-543076016,Boise Cascade Building Materials,543076016,543076016,543076016,Boise Cascade Building Materials 543076016,Industrial & Commercial > General,Boise Cascade Building Materials,,,Boise Cascade Building Materials 543076016 General Component,Width In Inches: 1; Length In Feet Range: 72-192 in,,,,"Boise Cascade Building Materials, General, 543076016",,,,,,,,,,,,,,,General,,,,,,Active,,,,,,,,,,,,,,,,,,,,,,,,,,,,,,,,,,,,,,,,,,,,,,,,,,,,,,,,,,,,,,,,,,Width In Inches,1,,Length In Feet Range,72-192,in,,,,,,,,,,,,,,,,,,,,,,,,,,,,,,,,,,,,,,,,,,,,,,,,,,,,,,,,,,,,,,,,,,,,,,,,,,,,,,,,,,,,,,,,,,,,,,,,,,,,,,,,,,,,,,,,,,,,,,,,,,,,,,,,,,,,,,,,,,,,,,,,
Boise Cascade Building Materials-543076020,Boise Cascade Building Materials,543076020,543076020,543076020,Boise Cascade Building Materials 543076020,Industrial & Commercial > General,Boise Cascade Building Materials,,,Boise Cascade Building Materials 543076020 General Component,Width: 1; Length: 72-240 in,,,,"Boise Cascade Building Materials, General, 543076020",,,,,,,,,,,,,,,General,,,,,,Active,,,,,,,,,,,,,,,,,,,,,,,,72-240,in,1,in,,,,,,,,,,,,,,,,,,,,,,,,,,,,,,,,,,,,,,,Width,1,,Length,72-240,in,,,,,,,,,,,,,,,,,,,,,,,,,,,,,,,,,,,,,,,,,,,,,,,,,,,,,,,,,,,,,,,,,,,,,,,,,,,,,,,,,,,,,,,,,,,,,,,,,,,,,,,,,,,,,,,,,,,,,,,,,,,,,,,,,,,,,,,,,,,,,,,,
Boise Cascade Building Materials-543076412,Boise Cascade Building Materials,543076412,543076412,543076412,Boise Cascade Building Materials 543076412,Industrial & Commercial > General,Boise Cascade Building Materials,,,Boise Cascade Building Materials 543076412 General Component,Dimensions: 1nx6-12 ft,,,,"Boise Cascade Building Materials, General, 543076412",,,,,,,,,,,,,,,General,,,,,,Active,,,,,,,,,,,,,,,,,,,,,,,,,,,,,,,,,,,,,,,,,,,,,,,,,,,,,,,,,,,,,,,,,,Dimensions,1nx6-12 ft,,,,,,,,,,,,,,,,,,,,,,,,,,,,,,,,,,,,,,,,,,,,,,,,,,,,,,,,,,,,,,,,,,,,,,,,,,,,,,,,,,,,,,,,,,,,,,,,,,,,,,,,,,,,,,,,,,,,,,,,,,,,,,,,,,,,,,,,,,,,,,,,,,,,
Boise Cascade Building Materials-543076416,Boise Cascade Building Materials,543076416,543076416,543076416,Boise Cascade Building Materials 543076416,Industrial & Commercial > General,Boise Cascade Building Materials,,,Boise Cascade Building Materials 543076416 General Component,Width: 1; Length: 72-192 in; Material: Trex Enhance Naturals Decking,,,,"Boise Cascade Building Materials, General, 543076416",,,,,,,,,,,,,,,General,,,,,,Active,,,,,,,,,,,,,,,,,,,,,,,,,,,,,,,,,,,Trex Enhance Naturals Decking,,,,,,,,,,,,,,,,,,,,,,,,,,,,,,,Width,1,,Length,72-192,in,Material,Trex Enhance Naturals Decking,,,,,,,,,,,,,,,,,,,,,,,,,,,,,,,,,,,,,,,,,,,,,,,,,,,,,,,,,,,,,,,,,,,,,,,,,,,,,,,,,,,,,,,,,,,,,,,,,,,,,,,,,,,,,,,,,,,,,,,,,,,,,,,,,,,,,,,,,,,,,,
Boise Cascade Building Materials-543076420,Boise Cascade Building Materials,543076420,543076420,543076420,Boise Cascade Building Materials 543076420,Industrial & Commercial > General,Boise Cascade Building Materials,,,Boise Cascade Building Materials 543076420 General Component,Width: 1; Length Ft Range: 72-240 in,,,,"Boise Cascade Building Materials, General, 543076420",,,,,,,,,,,,,,,General,,,,,,Active,,,,,,,,,,,,,,,,,,,,,,,,,,,,,,,,,,,,,,,,,,,,,,,,,,,,,,,,,,,,,,,,,,Width,1,,Length Ft Range,72-240,in,,,,,,,,,,,,,,,,,,,,,,,,,,,,,,,,,,,,,,,,,,,,,,,,,,,,,,,,,,,,,,,,,,,,,,,,,,,,,,,,,,,,,,,,,,,,,,,,,,,,,,,,,,,,,,,,,,,,,,,,,,,,,,,,,,,,,,,,,,,,,,,,
Boise Cascade Building Materials-1516870,Boise Cascade Building Materials,1516870,1516870,1516870,Boise Cascade Building Materials 1516870,Industrial & Commercial > General,Boise Cascade Building Materials,,,Boise Cascade Building Materials 1516870 General Component,Width In Inches: 1; Length Range: 72-192 in,,,,"Boise Cascade Building Materials, General, 1516870",,,,,,,,,,,,,,,General,,,,,,Active,,,,,,,,,,,,,,,,,,,,,,,,,,,,,,,,,,,,,,,,,,,,,,,,,,,,,,,,,,,,,,,,,,Width In Inches,1,,Length Range,72-192,in,,,,,,,,,,,,,,,,,,,,,,,,,,,,,,,,,,,,,,,,,,,,,,,,,,,,,,,,,,,,,,,,,,,,,,,,,,,,,,,,,,,,,,,,,,,,,,,,,,,,,,,,,,,,,,,,,,,,,,,,,,,,,,,,,,,,,,,,,,,,,,,,
Boise Cascade Building Materials-1516871,Boise Cascade Building Materials,1516871,1516871,1516871,Boise Cascade Building Materials 1516871,Industrial & Commercial > General,Boise Cascade Building Materials,,,Boise Cascade Building Materials 1516871 General Component,Width: 1; Length: 72-240 in,,,,"Boise Cascade Building Materials, General, 1516871",,,,,,,,,,,,,,,General,,,,,,Active,,,,,,,,,,,,,,,,,,,,,,,,,,,,,,,,,,,,,,,,,,,,,,,,,,,,,,,,,,,,,,,,,,Width,1,,Length,72-240,in,,,,,,,,,,,,,,,,,,,,,,,,,,,,,,,,,,,,,,,,,,,,,,,,,,,,,,,,,,,,,,,,,,,,,,,,,,,,,,,,,,,,,,,,,,,,,,,,,,,,,,,,,,,,,,,,,,,,,,,,,,,,,,,,,,,,,,,,,,,,,,,,
Boise Cascade Building Materials-1516872,Boise Cascade Building Materials,1516872,1516872,1516872,Boise Cascade Building Materials 1516872,Industrial & Commercial > General,Boise Cascade Building Materials,,,Boise Cascade Building Materials 1516872 General Component,Width Inch: 1; Length: 72-144 in; Material: Trex Enhance Naturals Decking,,,,"Boise Cascade Building Materials, General, 1516872",,,,,,,,,,,,,,,General,,,,,,Active,,,,,,,,,,,,,,,,,,,,,,,,,,,,,,,,,,,Trex Enhance Naturals Decking,,,,,,,,,,,,,,,,,,,,,,,,,,,,,,,Width Inch,1,,Length,72-144,in,Material,Trex Enhance Naturals Decking,,,,,,,,,,,,,,,,,,,,,,,,,,,,,,,,,,,,,,,,,,,,,,,,,,,,,,,,,,,,,,,,,,,,,,,,,,,,,,,,,,,,,,,,,,,,,,,,,,,,,,,,,,,,,,,,,,,,,,,,,,,,,,,,,,,,,,,,,,,,,,
Boise Cascade Building Materials-1516873,Boise Cascade Building Materials,1516873,1516873,1516873,Boise Cascade Building Materials 1516873,Industrial & Commercial > General,Boise Cascade Building Materials,,,Boise Cascade Building Materials 1516873 General Component,Width: 1; Depth: 6; Length: 192 in,,,,"Boise Cascade Building Materials, General, 1516873",,,,,,,,,,,,,,,General,,,,,,Active,,,,,,,,,,,,,,,,,,,,,,,,,,,,,,,,,,,,,,,,,,,,,,,,,,,,,,,,,,,,,,,,,,Width,1,,Depth,6,,Length,192,in,,,,,,,,,,,,,,,,,,,,,,,,,,,,,,,,,,,,,,,,,,,,,,,,,,,,,,,,,,,,,,,,,,,,,,,,,,,,,,,,,,,,,,,,,,,,,,,,,,,,,,,,,,,,,,,,,,,,,,,,,,,,,,,,,,,,,,,,,,,,,
Boise Cascade Building Materials-1516874,Boise Cascade Building Materials,1516874,1516874,1516874,Boise Cascade Building Materials 1516874,Industrial & Commercial > General,Boise Cascade Building Materials,,,Boise Cascade Building Materials 1516874 General Component,Width Inch: 1; Depth Inch: 6; Length: 240 in,,,,"Boise Cascade Building Materials, General, 1516874",,,,,,,,,,,,,,,General,,,,,,Active,,,,,,,,,,,,,,,,,,,,,,,,,,,,,,,,,,,,,,,,,,,,,,,,,,,,,,,,,,,,,,,,,,Width Inch,1,,Depth Inch,6,,Length,240,in,,,,,,,,,,,,,,,,,,,,,,,,,,,,,,,,,,,,,,,,,,,,,,,,,,,,,,,,,,,,,,,,,,,,,,,,,,,,,,,,,,,,,,,,,,,,,,,,,,,,,,,,,,,,,,,,,,,,,,,,,,,,,,,,,,,,,,,,,,,,,
Boise Cascade Building Materials-1516879,Boise Cascade Building Materials,1516879,1516879,1516879,Boise Cascade Building Materials 1516879,Industrial & Commercial > General,Boise Cascade Building Materials,,,Boise Cascade Building Materials 1516879 General Component,Thickness: 1; Width: 6; Length: 192 in; Edge Type: Sq Edge,,,,"Boise Cascade Building Materials, General, 1516879",,,,,,,,,,,,,,,General,,,,,,Active,,,,,,,,,,,,,,,,,,,,,,,,,,,,,,,,,,,,,,,,,,,,,,,,,,,,,,,,,,,,,,,,,,Thickness,1,,Width,6,,Length,192,in,Edge Type,Sq Edge,,,,,,,,,,,,,,,,,,,,,,,,,,,,,,,,,,,,,,,,,,,,,,,,,,,,,,,,,,,,,,,,,,,,,,,,,,,,,,,,,,,,,,,,,,,,,,,,,,,,,,,,,,,,,,,,,,,,,,,,,,,,,,,,,,,,,,,,,,,
Boise Cascade Building Materials-1516880,Boise Cascade Building Materials,1516880,1516880,1516880,Boise Cascade Building Materials 1516880,Industrial & Commercial > General,Boise Cascade Building Materials,,,Boise Cascade Building Materials 1516880 General Component,Dimension: 1nx6-20 ft,,,,"Boise Cascade Building Materials, General, 1516880",,,,,,,,,,,,,,,General,,,,,,Active,,,,,,,,,,,,,,,,,,,,,,,,,,,,,,,,,,,,,,,,,,,,,,,,,,,,,,,,,,,,,,,,,,Dimension,1nx6-20 ft,,,,,,,,,,,,,,,,,,,,,,,,,,,,,,,,,,,,,,,,,,,,,,,,,,,,,,,,,,,,,,,,,,,,,,,,,,,,,,,,,,,,,,,,,,,,,,,,,,,,,,,,,,,,,,,,,,,,,,,,,,,,,,,,,,,,,,,,,,,,,,,,,,,,
Boise Cascade Building Materials-1516881,Boise Cascade Building Materials,1516881,1516881,1516881,Boise Cascade Building Materials 1516881,Industrial & Commercial > General,Boise Cascade Building Materials,,,Boise Cascade Building Materials 1516881 General Component,Length: 144 in; Width: 1nx6,,,,"Boise Cascade Building Materials, General, 1516881",,,,,,,,,,,,,,,General,,,,,,Active,,,,,,,,,,,,,,,,,,,,,,,,144,in,1nx6,in,,,,,,,,,,,,,,,,,,,,,,,,,,,,,,,,,,,,,,,Length,144,in,Width,1nx6,,,,,,,,,,,,,,,,,,,,,,,,,,,,,,,,,,,,,,,,,,,,,,,,,,,,,,,,,,,,,,,,,,,,,,,,,,,,,,,,,,,,,,,,,,,,,,,,,,,,,,,,,,,,,,,,,,,,,,,,,,,,,,,,,,,,,,,,,,,,,,,,,
Boise Cascade Building Materials-1516882,Boise Cascade Building Materials,1516882,1516882,1516882,Boise Cascade Building Materials 1516882,Industrial & Commercial > General,Boise Cascade Building Materials,,,Boise Cascade Building Materials 1516882 General Component,Width: 1; Length: 72-192 in; Material: Trex Enhance Basics Decking; Surface Finish: Pebble Beach Grooved,,,,"Boise Cascade Building Materials, General, 1516882",,,,,,,,,,,,,,,General,,,,,,Active,,,,,,,,,,,,,,,,,,,,,,,,,,,,,,,,,,,Trex Enhance Basics Decking,,,,,,,,,,,,,,,,,,,,,,,,,,,,,,,Width,1,,Length,72-192,in,Material,Trex Enhance Basics Decking,,Surface Finish,Pebble Beach Grooved,,,,,,,,,,,,,,,,,,,,,,,,,,,,,,,,,,,,,,,,,,,,,,,,,,,,,,,,,,,,,,,,,,,,,,,,,,,,,,,,,,,,,,,,,,,,,,,,,,,,,,,,,,,,,,,,,,,,,,,,,,,,,,,,,,,,,,,,,,,
Boise Cascade Building Materials-1516883,Boise Cascade Building Materials,1516883,1516883,1516883,Boise Cascade Building Materials 1516883,Industrial & Commercial > General,Boise Cascade Building Materials,,,Boise Cascade Building Materials 1516883 General Component,Width Inch: 1nx6-20 ft; Depth Inch: 1nx6-20 ft; Length: 1nx6-20 ft,,,,"Boise Cascade Building Materials, General, 1516883",,,,,,,,,,,,,,,General,,,,,,Active,,,,,,,,,,,,,,,,,,,,,,,,,,,,,,,,,,,,,,,,,,,,,,,,,,,,,,,,,,,,,,,,,,Width Inch,1nx6-20 ft,,Depth Inch,1nx6-20 ft,,Length,1nx6-20 ft,,,,,,,,,,,,,,,,,,,,,,,,,,,,,,,,,,,,,,,,,,,,,,,,,,,,,,,,,,,,,,,,,,,,,,,,,,,,,,,,,,,,,,,,,,,,,,,,,,,,,,,,,,,,,,,,,,,,,,,,,,,,,,,,,,,,,,,,,,,,,,
Boise Cascade Building Materials-543005016,Boise Cascade Building Materials,543005016,543005016,543005016,Boise Cascade Building Materials 543005016,Industrial & Commercial > General,Boise Cascade Building Materials,,,Boise Cascade Building Materials 543005016 General Component,Width: 0.875; Length: 72-192 in,,,,"Boise Cascade Building Materials, General, 543005016",,,,,,,,,,,,,,,General,,,,,,Active,,,,,,,,,,,,,,,,,,,,,,,,,,,,,,,,,,,,,,,,,,,,,,,,,,,,,,,,,,,,,,,,,,Width,0.875,,Length,72-192,in,,,,,,,,,,,,,,,,,,,,,,,,,,,,,,,,,,,,,,,,,,,,,,,,,,,,,,,,,,,,,,,,,,,,,,,,,,,,,,,,,,,,,,,,,,,,,,,,,,,,,,,,,,,,,,,,,,,,,,,,,,,,,,,,,,,,,,,,,,,,,,,,
Boise Cascade Building Materials-543005020,Boise Cascade Building Materials,543005020,543005020,543005020,Boise Cascade Building Materials 543005020,Industrial & Commercial > General,Boise Cascade Building Materials,,,Boise Cascade Building Materials 543005020 General Component,Thickness: 0.875; Length: 72-240 in,,,,"Boise Cascade Building Materials, General, 543005020",,,,,,,,,,,,,,,General,,,,,,Active,,,,,,,,,,,,,,,,,,,,,,,,72-240,in,,,,,,,,,,,,,,,,,,,,,,,,,,,,,,,,,,,,,,,,,Thickness,0.875,,Length,72-240,in,,,,,,,,,,,,,,,,,,,,,,,,,,,,,,,,,,,,,,,,,,,,,,,,,,,,,,,,,,,,,,,,,,,,,,,,,,,,,,,,,,,,,,,,,,,,,,,,,,,,,,,,,,,,,,,,,,,,,,,,,,,,,,,,,,,,,,,,,,,,,,,,
Boise Cascade Building Materials-543005412,Boise Cascade Building Materials,543005412,543005412,543005412,Boise Cascade Building Materials 543005412,Industrial & Commercial > General,Boise Cascade Building Materials,,,Boise Cascade Building Materials 543005412 General Component,Thickness: 0.875; Length: 72-144 in,,,,"Boise Cascade Building Materials, General, 543005412",,,,,,,,,,,,,,,General,,,,,,Active,,,,,,,,,,,,,,,,,,,,,,,,72-144,in,,,,,,,,,,,,,,,,,,,,,,,,,,,,,,,,,,,,,,,,,Thickness,0.875,,Length,72-144,in,,,,,,,,,,,,,,,,,,,,,,,,,,,,,,,,,,,,,,,,,,,,,,,,,,,,,,,,,,,,,,,,,,,,,,,,,,,,,,,,,,,,,,,,,,,,,,,,,,,,,,,,,,,,,,,,,,,,,,,,,,,,,,,,,,,,,,,,,,,,,,,,
Boise Cascade Building Materials-543005416,Boise Cascade Building Materials,543005416,543005416,543005416,Boise Cascade Building Materials 543005416,Industrial & Commercial > General,Boise Cascade Building Materials,,,Boise Cascade Building Materials 543005416 General Component,Thickness: 0.875 n; Length: 72-192 in,,,,"Boise Cascade Building Materials, General, 543005416",,,,,,,,,,,,,,,General,,,,,,Active,,,,,,,,,,,,,,,,,,,,,,,,72-192,in,,,,,,,,,,,,,,,,,,,,,,,,,,,,,,,,,,,,,,,,,Thickness,0.875,n,Length,72-192,in,,,,,,,,,,,,,,,,,,,,,,,,,,,,,,,,,,,,,,,,,,,,,,,,,,,,,,,,,,,,,,,,,,,,,,,,,,,,,,,,,,,,,,,,,,,,,,,,,,,,,,,,,,,,,,,,,,,,,,,,,,,,,,,,,,,,,,,,,,,,,,,,
Boise Cascade Building Materials-543005420,Boise Cascade Building Materials,543005420,543005420,543005420,Boise Cascade Building Materials 543005420,Industrial & Commercial > General,Boise Cascade Building Materials,,,Boise Cascade Building Materials 543005420 General Component,Width: 0.875; Length: 72-240 in,,,,"Boise Cascade Building Materials, General, 543005420",,,,,,,,,,,,,,,General,,,,,,Active,,,,,,,,,,,,,,,,,,,,,,,,72-240,in,0.875,in,,,,,,,,,,,,,,,,,,,,,,,,,,,,,,,,,,,,,,,Width,0.875,,Length,72-240,in,,,,,,,,,,,,,,,,,,,,,,,,,,,,,,,,,,,,,,,,,,,,,,,,,,,,,,,,,,,,,,,,,,,,,,,,,,,,,,,,,,,,,,,,,,,,,,,,,,,,,,,,,,,,,,,,,,,,,,,,,,,,,,,,,,,,,,,,,,,,,,,,
Boise Cascade Building Materials-1516891,Boise Cascade Building Materials,1516891,1516891,1516891,Boise Cascade Building Materials 1516891,Industrial & Commercial > General,Boise Cascade Building Materials,,,Boise Cascade Building Materials 1516891 General Component,Thickness: 0.875; Length: 72-192 in,,,,"Boise Cascade Building Materials, General, 1516891",,,,,,,,,,,,,,,General,,,,,,Active,,,,,,,,,,,,,,,,,,,,,,,,72-192,in,,,,,,,,,,,,,,,,,,,,,,,,,,,,,,,,,,,,,,,,,Thickness,0.875,,Length,72-192,in,,,,,,,,,,,,,,,,,,,,,,,,,,,,,,,,,,,,,,,,,,,,,,,,,,,,,,,,,,,,,,,,,,,,,,,,,,,,,,,,,,,,,,,,,,,,,,,,,,,,,,,,,,,,,,,,,,,,,,,,,,,,,,,,,,,,,,,,,,,,,,,,
Boise Cascade Building Materials-1516892,Boise Cascade Building Materials,1516892,1516892,1516892,Boise Cascade Building Materials 1516892,Industrial & Commercial > General,Boise Cascade Building Materials,,,Boise Cascade Building Materials 1516892 General Component,"Width: 7/8\""; Length: 72-240 in",,,,"Boise Cascade Building Materials, General, 1516892",,,,,,,,,,,,,,,General,,,,,,Active,,,,,,,,,,,,,,,,,,,,,,,,72-240,in,"7/8\""",in,,,,,,,,,,,,,,,,,,,,,,,,,,,,,,,,,,,,,,,Width,"7/8\""",,Length,72-240,in,,,,,,,,,,,,,,,,,,,,,,,,,,,,,,,,,,,,,,,,,,,,,,,,,,,,,,,,,,,,,,,,,,,,,,,,,,,,,,,,,,,,,,,,,,,,,,,,,,,,,,,,,,,,,,,,,,,,,,,,,,,,,,,,,,,,,,,,,,,,,,,,
Boise Cascade Building Materials-1516893,Boise Cascade Building Materials,1516893,1516893,1516893,Boise Cascade Building Materials 1516893,Industrial & Commercial > General,Boise Cascade Building Materials,,,Boise Cascade Building Materials 1516893 General Component,Width In Inches: 0.875; Length In Feet: 72-144 in,,,,"Boise Cascade Building Materials, General, 1516893",,,,,,,,,,,,,,,General,,,,,,Active,,,,,,,,,,,,,,,,,,,,,,,,,,,,,,,,,,,,,,,,,,,,,,,,,,,,,,,,,,,,,,,,,,Width In Inches,0.875,,Length In Feet,72-144,in,,,,,,,,,,,,,,,,,,,,,,,,,,,,,,,,,,,,,,,,,,,,,,,,,,,,,,,,,,,,,,,,,,,,,,,,,,,,,,,,,,,,,,,,,,,,,,,,,,,,,,,,,,,,,,,,,,,,,,,,,,,,,,,,,,,,,,,,,,,,,,,,
Boise Cascade Building Materials-1516894,Boise Cascade Building Materials,1516894,1516894,1516894,Boise Cascade Building Materials 1516894,Industrial & Commercial > General,Boise Cascade Building Materials,,,Boise Cascade Building Materials 1516894 General Component,Width: 0.875; Length: 72-192 in,,,,"Boise Cascade Building Materials, General, 1516894",,,,,,,,,,,,,,,General,,,,,,Active,,,,,,,,,,,,,,,,,,,,,,,,72-192,in,0.875,in,,,,,,,,,,,,,,,,,,,,,,,,,,,,,,,,,,,,,,,Width,0.875,,Length,72-192,in,,,,,,,,,,,,,,,,,,,,,,,,,,,,,,,,,,,,,,,,,,,,,,,,,,,,,,,,,,,,,,,,,,,,,,,,,,,,,,,,,,,,,,,,,,,,,,,,,,,,,,,,,,,,,,,,,,,,,,,,,,,,,,,,,,,,,,,,,,,,,,,,
Boise Cascade Building Materials-1516895,Boise Cascade Building Materials,1516895,1516895,1516895,Boise Cascade Building Materials 1516895,Industrial & Commercial > General,Boise Cascade Building Materials,,,Boise Cascade Building Materials 1516895 General Component,Width: 0.875; Length: 72-240 in,,,,"Boise Cascade Building Materials, General, 1516895",,,,,,,,,,,,,,,General,,,,,,Active,,,,,,,,,,,,,,,,,,,,,,,,,,,,,,,,,,,,,,,,,,,,,,,,,,,,,,,,,,,,,,,,,,Width,0.875,,Length,72-240,in,,,,,,,,,,,,,,,,,,,,,,,,,,,,,,,,,,,,,,,,,,,,,,,,,,,,,,,,,,,,,,,,,,,,,,,,,,,,,,,,,,,,,,,,,,,,,,,,,,,,,,,,,,,,,,,,,,,,,,,,,,,,,,,,,,,,,,,,,,,,,,,,
Boise Cascade Building Materials-543007016,Boise Cascade Building Materials,543007016,543007016,543007016,Boise Cascade Building Materials 543007016,Industrial & Commercial > General,Boise Cascade Building Materials,,,Boise Cascade Building Materials 543007016 General Component,Width: 0.875; Length: 72-192 in,,,,"Boise Cascade Building Materials, General, 543007016",,,,,,,,,,,,,,,General,,,,,,Active,,,,,,,,,,,,,,,,,,,,,,,,,,,,,,,,,,,,,,,,,,,,,,,,,,,,,,,,,,,,,,,,,,Width,0.875,,Length,72-192,in,,,,,,,,,,,,,,,,,,,,,,,,,,,,,,,,,,,,,,,,,,,,,,,,,,,,,,,,,,,,,,,,,,,,,,,,,,,,,,,,,,,,,,,,,,,,,,,,,,,,,,,,,,,,,,,,,,,,,,,,,,,,,,,,,,,,,,,,,,,,,,,,
Boise Cascade Building Materials-543007020,Boise Cascade Building Materials,543007020,543007020,543007020,Boise Cascade Building Materials 543007020,Industrial & Commercial > General,Boise Cascade Building Materials,,,Boise Cascade Building Materials 543007020 General Component,Width In Inches: 0.875; Length In Feet: 72-240 in,,,,"Boise Cascade Building Materials, General, 543007020",,,,,,,,,,,,,,,General,,,,,,Active,,,,,,,,,,,,,,,,,,,,,,,,,,,,,,,,,,,,,,,,,,,,,,,,,,,,,,,,,,,,,,,,,,Width In Inches,0.875,,Length In Feet,72-240,in,,,,,,,,,,,,,,,,,,,,,,,,,,,,,,,,,,,,,,,,,,,,,,,,,,,,,,,,,,,,,,,,,,,,,,,,,,,,,,,,,,,,,,,,,,,,,,,,,,,,,,,,,,,,,,,,,,,,,,,,,,,,,,,,,,,,,,,,,,,,,,,,
Boise Cascade Building Materials-543007412,Boise Cascade Building Materials,543007412,543007412,543007412,Boise Cascade Building Materials 543007412,Industrial & Commercial > General,Boise Cascade Building Materials,,,Boise Cascade Building Materials 543007412 General Component,Thickness: 0.875 in; Length: 72-144 in,,,,"Boise Cascade Building Materials, General, 543007412",,,,,,,,,,,,,,,General,,,,,,Active,,,,,,,,,,,,,,,,,,,,,,,,72-144,in,,,,,,,,,,,,,,,,,,,,,,,,,,,,,,,,,,,,,,,,,Thickness,0.875,in,Length,72-144,in,,,,,,,,,,,,,,,,,,,,,,,,,,,,,,,,,,,,,,,,,,,,,,,,,,,,,,,,,,,,,,,,,,,,,,,,,,,,,,,,,,,,,,,,,,,,,,,,,,,,,,,,,,,,,,,,,,,,,,,,,,,,,,,,,,,,,,,,,,,,,,,,
Boise Cascade Building Materials-543007416,Boise Cascade Building Materials,543007416,543007416,543007416,Boise Cascade Building Materials 543007416,Industrial & Commercial > General,Boise Cascade Building Materials,,,Boise Cascade Building Materials 543007416 General Component,Thickness: 0.875 in; Length: 72-192 in,,,,"Boise Cascade Building Materials, General, 543007416",,,,,,,,,,,,,,,General,,,,,,Active,,,,,,,,,,,,,,,,,,,,,,,,72-192,in,,,,,,,,,,,,,,,,,,,,,,,,,,,,,,,,,,,,,,,,,Thickness,0.875,in,Length,72-192,in,,,,,,,,,,,,,,,,,,,,,,,,,,,,,,,,,,,,,,,,,,,,,,,,,,,,,,,,,,,,,,,,,,,,,,,,,,,,,,,,,,,,,,,,,,,,,,,,,,,,,,,,,,,,,,,,,,,,,,,,,,,,,,,,,,,,,,,,,,,,,,,,
Boise Cascade Building Materials-543007420,Boise Cascade Building Materials,543007420,543007420,543007420,Boise Cascade Building Materials 543007420,Industrial & Commercial > General,Boise Cascade Building Materials,,,Boise Cascade Building Materials 543007420 General Component,Thickness: 0.875; Length Range: 72-240 in,,,,"Boise Cascade Building Materials, General, 543007420",,,,,,,,,,,,,,,General,,,,,,Active,,,,,,,,,,,,,,,,,,,,,,,,,,,,,,,,,,,,,,,,,,,,,,,,,,,,,,,,,,,,,,,,,,Thickness,0.875,,Length Range,72-240,in,,,,,,,,,,,,,,,,,,,,,,,,,,,,,,,,,,,,,,,,,,,,,,,,,,,,,,,,,,,,,,,,,,,,,,,,,,,,,,,,,,,,,,,,,,,,,,,,,,,,,,,,,,,,,,,,,,,,,,,,,,,,,,,,,,,,,,,,,,,,,,,,
Parksite-ADR5117512CS,Parksite,ADR5117512CS,ADR5117512CS,ADR5117512CS,Parksite ADR5117512CS,Industrial & Commercial > General,Parksite,,,Parksite ADR5117512CS General Component,Thickness: 1x12-12 ft; Width: 1x12-12 ft; Length: 1x12-12 ft; Material: Vintage Azek PVC Fascia,,,,"Parksite, General, ADR5117512CS",,,,,,,,,,,,,,,General,,,,,,Active,,,,,,,,,,,,,,,,,,,,,,,,1x12-12 ft,in,1x12-12 ft,in,,,,,,,,Vintage Azek PVC Fascia,,,,,,,,,,,,,,,,,,,,,,,,,,,,,,,Thickness,1x12-12 ft,,Width,1x12-12 ft,,Length,1x12-12 ft,,Material,Vintage Azek PVC Fascia,,,,,,,,,,,,,,,,,,,,,,,,,,,,,,,,,,,,,,,,,,,,,,,,,,,,,,,,,,,,,,,,,,,,,,,,,,,,,,,,,,,,,,,,,,,,,,,,,,,,,,,,,,,,,,,,,,,,,,,,,,,,,,,,,,,,,,,,,,,
Parksite-ADR5117512MH,Parksite,ADR5117512MH,ADR5117512MH,ADR5117512MH,Parksite ADR5117512MH,Industrial & Commercial > General,Parksite,,,Parksite ADR5117512MH General Component,Width Inch: 1; Height Inch: 12; Length: 144 in; Material: Azek PVC; Finish: Mahogany,,,,"Parksite, General, ADR5117512MH",,,,,,,,,,,,,,,General,,,,,,Active,,,,,,,,,,,,,,,,,,,,,,,,,,,,,,,,,,,Azek PVC,Mahogany,,,,,,,,,,,,,,,,,,,,,,,,,,,,,,Width Inch,1,,Height Inch,12,,Length,144,in,Material,Azek PVC,,Finish,Mahogany,,,,,,,,,,,,,,,,,,,,,,,,,,,,,,,,,,,,,,,,,,,,,,,,,,,,,,,,,,,,,,,,,,,,,,,,,,,,,,,,,,,,,,,,,,,,,,,,,,,,,,,,,,,,,,,,,,,,,,,,,,,,,,,,,,,,,,,,
Parksite-ADR5117512WT,Parksite,ADR5117512WT,ADR5117512WT,ADR5117512WT,Parksite ADR5117512WT,Industrial & Commercial > General,Parksite,,,Parksite ADR5117512WT General Component,Nominal Thickness: 1; Nominal Width: 12; Length: 144 in; Material: Weathered Teak - Vintage Azek PVC,,,,"Parksite, General, ADR5117512WT",,,,,,,,,,,,,,,General,,,,,,Active,,,,,,,,,,,,,,,,,,,,,,,,,,,,,,,,,,,Weathered Teak - Vintage Azek PVC,,,,,,,,,,,,,,,,,,,,,,,,,,,,,,,Nominal Thickness,1,,Nominal Width,12,,Length,144,in,Material,Weathered Teak - Vintage Azek PVC,,,,,,,,,,,,,,,,,,,,,,,,,,,,,,,,,,,,,,,,,,,,,,,,,,,,,,,,,,,,,,,,,,,,,,,,,,,,,,,,,,,,,,,,,,,,,,,,,,,,,,,,,,,,,,,,,,,,,,,,,,,,,,,,,,,,,,,,,,,
Parksite-ADR5117512AW,Parksite,ADR5117512AW,ADR5117512AW,ADR5117512AW,Parksite ADR5117512AW,Industrial & Commercial > General,Parksite,,,Parksite ADR5117512AW General Component,Dimension: 1x12; Length: 144 in; Material: American Walnut; Fascia Type: Landmark Azek PVC Fascia,,,,"Parksite, General, ADR5117512AW",,,,,,,,,,,,,,,General,,,,,,Active,,,,,,,,,,,,,,,,,,,,,,,,144,in,,,,,,,,,,American Walnut,,,,,,,,,,,,,,,,,,,,,,,,,,,,,,,Dimension,1x12,,Length,144,in,Material,American Walnut,,Fascia Type,Landmark Azek PVC Fascia,,,,,,,,,,,,,,,,,,,,,,,,,,,,,,,,,,,,,,,,,,,,,,,,,,,,,,,,,,,,,,,,,,,,,,,,,,,,,,,,,,,,,,,,,,,,,,,,,,,,,,,,,,,,,,,,,,,,,,,,,,,,,,,,,,,,,,,,,,,
Parksite-ADR5117512CG,Parksite,ADR5117512CG,ADR5117512CG,ADR5117512CG,Parksite ADR5117512CG,Industrial & Commercial > General,Parksite,,,Parksite ADR5117512CG General Component,Width: 1; Height: 12; Length: 144 in; Material: Azek PVC,,,,"Parksite, General, ADR5117512CG",,,,,,,,,,,,,,,General,,,,,,Active,,,,,,,,,,,,,,,,,,,,,,,,,,,,,,,,,,,Azek PVC,,,,,,,,,,,,,,,,,,,,,,,,,,,,,,,Width,1,,Height,12,,Length,144,in,Material,Azek PVC,,,,,,,,,,,,,,,,,,,,,,,,,,,,,,,,,,,,,,,,,,,,,,,,,,,,,,,,,,,,,,,,,,,,,,,,,,,,,,,,,,,,,,,,,,,,,,,,,,,,,,,,,,,,,,,,,,,,,,,,,,,,,,,,,,,,,,,,,,,
Parksite-ADR5117512FW,Parksite,ADR5117512FW,ADR5117512FW,ADR5117512FW,Parksite ADR5117512FW,Industrial & Commercial > General,Parksite,,,Parksite ADR5117512FW General Component,Width Inch: 1x12-12 ft; Length: 1x12-12 ft; Material: French White Oak,,,,"Parksite, General, ADR5117512FW",,,,,,,,,,,,,,,General,,,,,,Active,,,,,,,,,,,,,,,,,,,,,,,,,,,,,,,,,,,French White Oak,,,,,,,,,,,,,,,,,,,,,,,,,,,,,,,Width Inch,1x12-12 ft,,Length,1x12-12 ft,,Material,French White Oak,,,,,,,,,,,,,,,,,,,,,,,,,,,,,,,,,,,,,,,,,,,,,,,,,,,,,,,,,,,,,,,,,,,,,,,,,,,,,,,,,,,,,,,,,,,,,,,,,,,,,,,,,,,,,,,,,,,,,,,,,,,,,,,,,,,,,,,,,,,,,,
Parksite-1508395,Parksite,1508395,1508395,1508395,Parksite 1508395,Industrial & Commercial > General,Parksite,,,Parksite 1508395 General Component,Width Inch: 1; Length: 96-144 in; Material: PVC,,,,"Parksite, General, 1508395",,,,,,,,,,,,,,,General,,,,,,Active,,,,,,,,,,,,,,,,,,,,,,,,,,,,,,,,,,,PVC,,,,,,,,,,,,,,,,,,,,,,,,,,,,,,,Width Inch,1,,Length,96-144,in,Material,PVC,,,,,,,,,,,,,,,,,,,,,,,,,,,,,,,,,,,,,,,,,,,,,,,,,,,,,,,,,,,,,,,,,,,,,,,,,,,,,,,,,,,,,,,,,,,,,,,,,,,,,,,,,,,,,,,,,,,,,,,,,,,,,,,,,,,,,,,,,,,,,,
Parksite-1508396,Parksite,1508396,1508396,1508396,Parksite 1508396,Industrial & Commercial > General,Parksite,,,Parksite 1508396 General Component,Dimensions: 1x8-12 ft; Material: Harvest Azek PVC; Color: Slate Gray,,,,"Parksite, General, 1508396",,,,,,,,,,,,,,,General,,,,,,Active,,,,,,,,,,,,,,,,,,,,,,,,,,,,,,,,,,Slate Gray,Harvest Azek PVC,,,,,,,,,,,,,,,,,,,,,,,,,,,,,,,Dimensions,1x8-12 ft,,Material,Harvest Azek PVC,,Color,Slate Gray,,,,,,,,,,,,,,,,,,,,,,,,,,,,,,,,,,,,,,,,,,,,,,,,,,,,,,,,,,,,,,,,,,,,,,,,,,,,,,,,,,,,,,,,,,,,,,,,,,,,,,,,,,,,,,,,,,,,,,,,,,,,,,,,,,,,,,,,,,,,,,
Parksite-ADCR5117512BS,Parksite,ADCR5117512BS,ADCR5117512BS,ADCR5117512BS,Parksite ADCR5117512BS,Industrial & Commercial > General,Parksite,,,Parksite ADCR5117512BS General Component,Board Thickness: 1; Board Width: 12; Board Length: 144 in; Material: PVC,,,,"Parksite, General, ADCR5117512BS",,,,,,,,,,,,,,,General,,,,,,Active,,,,,,,,,,,,,,,,,,,,,,,,,,,,,,,,,,,PVC,,,,,,,,,,,,,,,,,,,,,,,,,,,,,,,Board Thickness,1,,Board Width,12,,Board Length,144,in,Material,PVC,,,,,,,,,,,,,,,,,,,,,,,,,,,,,,,,,,,,,,,,,,,,,,,,,,,,,,,,,,,,,,,,,,,,,,,,,,,,,,,,,,,,,,,,,,,,,,,,,,,,,,,,,,,,,,,,,,,,,,,,,,,,,,,,,,,,,,,,,,,
Parksite-ADCR5117512SG,Parksite,ADCR5117512SG,ADCR5117512SG,ADCR5117512SG,Parksite ADCR5117512SG,Industrial & Commercial > General,Parksite,,,Parksite ADCR5117512SG General Component,Nominal Size: 1x12; Length: 144 in; Material: PVC,,,,"Parksite, General, ADCR5117512SG",,,,,,,,,,,,,,,General,,,,,,Active,,,,,,,,,,,,,,,,,,,,,,,,,,,,,,,,,,,PVC,,,,,,,,,,,,,,,,,,,,,,,,,,,,,,,Nominal Size,1x12,,Length,144,in,Material,PVC,,,,,,,,,,,,,,,,,,,,,,,,,,,,,,,,,,,,,,,,,,,,,,,,,,,,,,,,,,,,,,,,,,,,,,,,,,,,,,,,,,,,,,,,,,,,,,,,,,,,,,,,,,,,,,,,,,,,,,,,,,,,,,,,,,,,,,,,,,,,,,
U S Lumber-543140908,U S Lumber,543140908,543140908,543140908,U S Lumber 543140908,Industrial & Commercial > General,U S Lumber,,,U S Lumber 543140908 General Component,Nominal Width: 1; Nominal Height: 8; Length: 144 in,,,,"U S Lumber, General, 543140908",,,,,,,,,,,,,,,General,,,,,,Active,,,,,,,,,,,,,,,,,,,,,,,,144,in,,,,,,,,,,,,,,,,,,,,,,,,,,,,,,,,,,,,,,,,,Nominal Width,1,,Nominal Height,8,,Length,144,in,,,,,,,,,,,,,,,,,,,,,,,,,,,,,,,,,,,,,,,,,,,,,,,,,,,,,,,,,,,,,,,,,,,,,,,,,,,,,,,,,,,,,,,,,,,,,,,,,,,,,,,,,,,,,,,,,,,,,,,,,,,,,,,,,,,,,,,,,,,,,
U S Lumber-543142908,U S Lumber,543142908,543142908,543142908,U S Lumber 543142908,Industrial & Commercial > General,U S Lumber,,,U S Lumber 543142908 General Component,Nominal Dimensions: 1x8; Length: 144 in,,,,"U S Lumber, General, 543142908",,,,,,,,,,,,,,,General,,,,,,Active,,,,,,,,,,,,,,,,,,,,,,,,144,in,,,,,,,,,,,,,,,,,,,,,,,,,,,,,,,,,,,,,,,,,Nominal Dimensions,1x8,,Length,144,in,,,,,,,,,,,,,,,,,,,,,,,,,,,,,,,,,,,,,,,,,,,,,,,,,,,,,,,,,,,,,,,,,,,,,,,,,,,,,,,,,,,,,,,,,,,,,,,,,,,,,,,,,,,,,,,,,,,,,,,,,,,,,,,,,,,,,,,,,,,,,,,,
U S Lumber-543143908,U S Lumber,543143908,543143908,543143908,U S Lumber 543143908,Industrial & Commercial > General,U S Lumber,,,U S Lumber 543143908 General Component,Nominal Width: 1; Nominal Height: 8; Length: 144 in,,,,"U S Lumber, General, 543143908",,,,,,,,,,,,,,,General,,,,,,Active,,,,,,,,,,,,,,,,,,,,,,,,144,in,,,,,,,,,,,,,,,,,,,,,,,,,,,,,,,,,,,,,,,,,Nominal Width,1,,Nominal Height,8,,Length,144,in,,,,,,,,,,,,,,,,,,,,,,,,,,,,,,,,,,,,,,,,,,,,,,,,,,,,,,,,,,,,,,,,,,,,,,,,,,,,,,,,,,,,,,,,,,,,,,,,,,,,,,,,,,,,,,,,,,,,,,,,,,,,,,,,,,,,,,,,,,,,,
U S Lumber-543140912,U S Lumber,543140912,543140912,543140912,U S Lumber 543140912,Industrial & Commercial > General,U S Lumber,,,U S Lumber 543140912 General Component,Nominal Width: 1; Nominal Height: 12; Length: 144 in,,,,"U S Lumber, General, 543140912",,,,,,,,,,,,,,,General,,,,,,Active,,,,,,,,,,,,,,,,,,,,,,,,144,in,,,,,,,,,,,,,,,,,,,,,,,,,,,,,,,,,,,,,,,,,Nominal Width,1,,Nominal Height,12,,Length,144,in,,,,,,,,,,,,,,,,,,,,,,,,,,,,,,,,,,,,,,,,,,,,,,,,,,,,,,,,,,,,,,,,,,,,,,,,,,,,,,,,,,,,,,,,,,,,,,,,,,,,,,,,,,,,,,,,,,,,,,,,,,,,,,,,,,,,,,,,,,,,,
U S Lumber-543142912,U S Lumber,543142912,543142912,543142912,U S Lumber 543142912,Industrial & Commercial > General,U S Lumber,,,U S Lumber 543142912 General Component,Nominal Thickness: 1; Nominal Width: 12; Length: 144 in,,,,"U S Lumber, General, 543142912",,,,,,,,,,,,,,,General,,,,,,Active,,,,,,,,,,,,,,,,,,,,,,,,,,,,,,,,,,,,,,,,,,,,,,,,,,,,,,,,,,,,,,,,,,Nominal Thickness,1,,Nominal Width,12,,Length,144,in,,,,,,,,,,,,,,,,,,,,,,,,,,,,,,,,,,,,,,,,,,,,,,,,,,,,,,,,,,,,,,,,,,,,,,,,,,,,,,,,,,,,,,,,,,,,,,,,,,,,,,,,,,,,,,,,,,,,,,,,,,,,,,,,,,,,,,,,,,,,,
U S Lumber-543143912,U S Lumber,543143912,543143912,543143912,U S Lumber 543143912,Industrial & Commercial > General,U S Lumber,,,U S Lumber 543143912 General Component,Board Thickness: 1x12; Board Width: 1x12; Board Length: 144 in,,,,"U S Lumber, General, 543143912",,,,,,,,,,,,,,,General,,,,,,Active,,,,,,,,,,,,,,,,,,,,,,,,,,,,,,,,,,,,,,,,,,,,,,,,,,,,,,,,,,,,,,,,,,Board Thickness,1x12,,Board Width,1x12,,Board Length,144,in,,,,,,,,,,,,,,,,,,,,,,,,,,,,,,,,,,,,,,,,,,,,,,,,,,,,,,,,,,,,,,,,,,,,,,,,,,,,,,,,,,,,,,,,,,,,,,,,,,,,,,,,,,,,,,,,,,,,,,,,,,,,,,,,,,,,,,,,,,,,,
Boise Cascade Building Materials-1513715,Boise Cascade Building Materials,1513715,1513715,1513715,Boise Cascade Building Materials 1513715,Industrial & Commercial > General,Boise Cascade Building Materials,,,Boise Cascade Building Materials 1513715 General Component,Nominal Width: 1; Nominal Height: 12; Length: 144 in; Material: Trex Lineage,,,,"Boise Cascade Building Materials, General, 1513715",,,,,,,,,,,,,,,General,,,,,,Active,,,,,,,,,,,,,,,,,,,,,,,,144,in,,,,,,,,,,Trex Lineage,,,,,,,,,,,,,,,,,,,,,,,,,,,,,,,Nominal Width,1,,Nominal Height,12,,Length,144,in,Material,Trex Lineage,,,,,,,,,,,,,,,,,,,,,,,,,,,,,,,,,,,,,,,,,,,,,,,,,,,,,,,,,,,,,,,,,,,,,,,,,,,,,,,,,,,,,,,,,,,,,,,,,,,,,,,,,,,,,,,,,,,,,,,,,,,,,,,,,,,,,,,,,,,
Boise Cascade Building Materials-1513716,Boise Cascade Building Materials,1513716,1513716,1513716,Boise Cascade Building Materials 1513716,Industrial & Commercial > General,Boise Cascade Building Materials,,,Boise Cascade Building Materials 1513716 General Component,Thickness Inch: 1; Width Inch: 12; Length: 144 in,,,,"Boise Cascade Building Materials, General, 1513716",,,,,,,,,,,,,,,General,,,,,,Active,,,,,,,,,,,,,,,,,,,,,,,,,,,,,,,,,,,,,,,,,,,,,,,,,,,,,,,,,,,,,,,,,,Thickness Inch,1,,Width Inch,12,,Length,144,in,,,,,,,,,,,,,,,,,,,,,,,,,,,,,,,,,,,,,,,,,,,,,,,,,,,,,,,,,,,,,,,,,,,,,,,,,,,,,,,,,,,,,,,,,,,,,,,,,,,,,,,,,,,,,,,,,,,,,,,,,,,,,,,,,,,,,,,,,,,,,
Boise Cascade Building Materials-1513723,Boise Cascade Building Materials,1513723,1513723,1513723,Boise Cascade Building Materials 1513723,Industrial & Commercial > General,Boise Cascade Building Materials,,,Boise Cascade Building Materials 1513723 General Component,Nominal Dimensions: 1x12; Length: 144 in,,,,"Boise Cascade Building Materials, General, 1513723",,,,,,,,,,,,,,,General,,,,,,Active,,,,,,,,,,,,,,,,,,,,,,,,,,,,,,,,,,,,,,,,,,,,,,,,,,,,,,,,,,,,,,,,,,Nominal Dimensions,1x12,,Length,144,in,,,,,,,,,,,,,,,,,,,,,,,,,,,,,,,,,,,,,,,,,,,,,,,,,,,,,,,,,,,,,,,,,,,,,,,,,,,,,,,,,,,,,,,,,,,,,,,,,,,,,,,,,,,,,,,,,,,,,,,,,,,,,,,,,,,,,,,,,,,,,,,,
Boise Cascade Building Materials-543076916,Boise Cascade Building Materials,543076916,543076916,543076916,Boise Cascade Building Materials 543076916,Industrial & Commercial > General,Boise Cascade Building Materials,,,Boise Cascade Building Materials 543076916 General Component,Nominal Width: 1x8; Nominal Height: 1x8; Length: 144 in,,,,"Boise Cascade Building Materials, General, 543076916",,,,,,,,,,,,,,,General,,,,,,Active,,,,,,,,,,,,,,,,,,,,,,,,144,in,,,,,,,,,,,,,,,,,,,,,,,,,,,,,,,,,,,,,,,,,Nominal Width,1x8,,Nominal Height,1x8,,Length,144,in,,,,,,,,,,,,,,,,,,,,,,,,,,,,,,,,,,,,,,,,,,,,,,,,,,,,,,,,,,,,,,,,,,,,,,,,,,,,,,,,,,,,,,,,,,,,,,,,,,,,,,,,,,,,,,,,,,,,,,,,,,,,,,,,,,,,,,,,,,,,,
Boise Cascade Building Materials-543076936,Boise Cascade Building Materials,543076936,543076936,543076936,Boise Cascade Building Materials 543076936,Industrial & Commercial > General,Boise Cascade Building Materials,,,Boise Cascade Building Materials 543076936 General Component,Nominal Width: 12; Nominal Thickness: 1; Length: 144 in,,,,"Boise Cascade Building Materials, General, 543076936",,,,,,,,,,,,,,,General,,,,,,Active,,,,,,,,,,,,,,,,,,,,,,,,,,,,,,,,,,,,,,,,,,,,,,,,,,,,,,,,,,,,,,,,,,Nominal Width,12,,Nominal Thickness,1,,Length,144,in,,,,,,,,,,,,,,,,,,,,,,,,,,,,,,,,,,,,,,,,,,,,,,,,,,,,,,,,,,,,,,,,,,,,,,,,,,,,,,,,,,,,,,,,,,,,,,,,,,,,,,,,,,,,,,,,,,,,,,,,,,,,,,,,,,,,,,,,,,,,,
